id,x_0,x_1,x_2,x_3,x_4,x_5,x_6,x_7,x_8,x_9,x_10,x_11,x_12,x_13,x_14,x_15,x_16,x_17,x_18,x_19,y_0,y_1,y_2,y_3,y_4,y_5,y_6,y_7,y_8,y_9,y_10
0,3.777145231787558,-2.5268664990694605,-1.9844496567716248,-8.24165176160653,-8.51348389101926,-7.350665252619526,5.877625672776753,-5.843786975091149,-0.4032788672652394,-0.6283297767934564,2.8160712532626264,-5.900203363871453,1.4038277875358836,11.528460146979244,9.217898051490678,7.568192885577742,-6.971887624708345,-2.5770599728884593,9.227222053615462,-4.937501953821477,1.0,1.0,1.0,1.0,1.0,1.0,1.0,1.0,0.0,0.0,0.0
1,-6.666105904274984,-3.434571999793418,0.1742051679953267,-7.348621019540523,4.483794073672811,2.7311118791565185,7.790644349550099,-0.18178489571807366,-3.180787558376318,1.2821529919493648,1.8176608336703002,-6.518814132100468,8.979871127392286,4.895334765398313,-7.172541736304753,0.2555785613721472,-1.4668759247705276,-5.433344186218778,-6.805115102944742,6.477802212805114,2.0,1.0,1.0,1.0,0.0,1.0,0.0,0.0,0.0,0.0,0.0
2,-6.638519753240189,-3.0855746573155263,-0.9903234492504787,-8.133964138406354,5.183041714379198,4.330566271329445,8.470674616382404,-0.21840767155222363,-5.300710658660556,1.3947206263100607,-0.34998246029329616,-6.899080500935946,8.358180133740875,5.704609687115955,-9.723323364835366,0.3675386771913266,-0.457996211800183,-4.813047211262735,-7.820941977973929,4.406752451500068,2.0,1.0,1.0,1.0,0.0,1.0,0.0,0.0,1.0,0.0,0.0
3,-1.520423212339498,-1.0666876900916133,8.744925205546828,-3.9587505819264455,-0.5358486454874425,-5.055936471715717,-1.371159478309474,9.053573423793287,7.8747949963500155,8.217774933727373,-8.05578047255981,3.6609276899003156,7.164698584963873,9.685928946768902,-7.723482012420034,-2.228160817047933,-5.803963508256033,-3.1116441028526034,-5.7075344665998315,3.4895007943983436,0.0,1.0,1.0,0.0,1.0,1.0,0.0,1.0,0.0,0.0,0.0
4,-2.056310389919832,-0.1995447802299265,9.122773813231012,-3.400283881693002,-0.49340484858706013,-1.4974530057149842,-0.1870586131845854,7.465841877229662,7.653962428348345,7.794571355494669,-8.445626091039813,2.0998394372099085,6.084330693575359,10.802755805445324,-8.63015789370668,-1.4779020804318674,-6.29408237305785,-4.678428986658318,-6.864131774508024,5.167918770743518,0.0,1.0,1.0,1.0,1.0,0.0,0.0,0.0,0.0,0.0,0.0
5,3.0097898475619727,-1.3672383636424161,-3.314336526777265,-9.589021070029274,-9.666375222696328,-6.649067498494232,6.527235255170581,-6.456797509949426,-0.6556456489121201,1.3949724340818155,5.307322367092283,-4.378476635924441,1.1578784424728334,9.943538703936378,8.77601204560765,6.961499298921398,-8.647400002813185,-4.150141705164088,7.25808257628059,-4.993229373737649,1.0,1.0,1.0,0.0,1.0,0.0,0.0,0.0,0.0,0.0,0.0
6,10.292868001350556,-8.659129671448063,8.984997526056027,-3.8911603270160784,3.9804340179939426,-1.7273672683631305,-4.622300999807183,0.719695331258295,3.7091447891949705,-3.8151612290065398,-8.806987795998088,-6.205943223489897,5.221024763130594,-6.166642401437484,6.907400740309014,-0.32499393751716665,-5.914264781385824,-6.436007604134741,2.7909102999412387,7.988980852752066,3.0,1.0,1.0,0.0,1.0,1.0,1.0,0.0,0.0,0.0,0.0
7,-6.17961940146758,-3.6841204866186827,1.2093023939131204,-7.568403308818473,2.7471430275216875,2.221946730539009,7.310604610702137,0.8010571803085349,-3.575370065433483,1.883104648531106,-0.5259252916678713,-8.170154822468898,7.104973973640803,7.546824156323644,-9.113286006820973,-0.021900912949417872,-0.24326120830207876,-4.305207140973458,-6.441834522994878,3.4165865561001136,2.0,1.0,1.0,0.0,1.0,0.0,0.0,1.0,0.0,1.0,0.0
8,-3.7474650330955255,0.27821522631714857,7.574703746863987,-1.7067262082698638,-1.1567270088919044,-4.375531137129587,-0.7400967236295589,5.820030229184934,8.045987464462787,7.732688138987766,-9.31867714068306,5.636392320361731,7.616992413538244,9.828583279662436,-7.492266007153228,-2.7463314417578735,-7.759299400762062,-4.422840518539657,-7.866048510399408,5.395686304607241,0.0,1.0,1.0,1.0,0.0,1.0,1.0,1.0,0.0,0.0,0.0
9,8.406638825605372,-9.63695461121131,6.892667867517543,-4.082006496615456,3.9985554321816,-2.7241044410663067,-5.4414296254379355,1.8583278135794545,4.249180159175493,-2.6486801856147326,-9.010752213745635,-7.8616559479656205,8.648956781840155,-5.3402850564527595,6.281414077543405,-3.6132730283461574,-6.481797361707512,-7.439751142999091,1.8579014788580093,6.67161396932927,3.0,1.0,1.0,1.0,1.0,1.0,1.0,0.0,0.0,0.0,0.0
10,-5.893996248787661,-4.715491777157656,-0.7276623872729805,-8.256458332645858,5.1619450519806795,0.29224142259489594,8.222854032924419,0.5540148255362476,-3.629010479181324,3.179566848526572,-0.8297896008850202,-7.691506739977141,9.26642152481023,4.812419008695127,-8.585076316705296,2.251218997000314,0.3733803163852487,-4.102497929406521,-8.945143047622164,7.205487363576822,2.0,1.0,1.0,0.0,1.0,1.0,0.0,0.0,0.0,0.0,0.0
11,-7.884211456604064,-4.394608501892984,-0.7004114007997495,-9.496442921466128,3.5483789666632624,2.6459819733734884,9.095649523277562,2.5690168979694654,-3.8358740652865375,3.745279862458748,1.3434890283196017,-8.49403745177476,8.480975909383162,5.692291306704567,-7.73537972344047,3.4814560523190914,1.8355118016373135,-4.82185495129647,-6.709066325033303,5.754495830008736,2.0,1.0,1.0,1.0,1.0,0.0,0.0,0.0,1.0,0.0,0.0
12,3.4383272251344454,-1.3006035054392016,-0.26673747682925897,-10.304211219161099,-10.022319894797056,-6.1388258625475265,7.187960843454591,-7.179091773339914,-1.4405675691944089,-0.146391502817864,4.180906890899091,-4.658975831017285,0.6214144849896444,9.23469894304347,8.075592090378045,7.4411827352185345,-7.857883176527562,-1.4172387603837855,7.685284365093583,-5.1467267607344205,1.0,1.0,1.0,0.0,0.0,0.0,0.0,0.0,0.0,0.0,0.0
13,-1.0258793210993638,-0.458434825113737,10.156843455797807,-1.9532298539551145,0.2659413744660957,-1.7073103134283039,-0.2627763272632233,9.234736844507097,6.18579604310092,7.806979021184016,-7.603281851716266,3.684777165813245,7.564632628627682,8.607381761950148,-8.212228269815132,-3.06136823279387,-4.890355542264372,-2.761510692418039,-7.634947221742011,4.210278827659911,0.0,1.0,1.0,1.0,1.0,0.0,1.0,1.0,0.0,0.0,0.0
14,7.824133631981246,-10.082245610300953,7.700428871028799,-3.583409878379779,4.462455945057009,-0.14035588005653366,-4.553226138158863,1.5896560072860397,5.205662787007576,-1.9300037217219277,-9.338104206399793,-6.869132479230145,6.972744375951537,-6.631966529828064,2.273861422591772,-1.7144935333215325,-6.392267707244344,-7.115505464150034,1.4114001632008266,8.07672628356529,3.0,1.0,1.0,1.0,1.0,0.0,0.0,0.0,1.0,0.0,0.0
15,-0.9034655708691879,1.2679190390002593,7.9232078278633535,-2.944151444651607,0.7151950303929211,-0.7567760186404304,-1.6366153910766854,8.073972650128026,8.951552238964451,8.537661329215187,-7.958540809668715,3.197239740187655,7.550352648131166,9.179277390485751,-9.496867458530984,-2.864155158314546,-6.43862467265735,-4.749077833512898,-7.940155468534139,6.1889345473649975,0.0,1.0,1.0,0.0,1.0,1.0,1.0,0.0,1.0,0.0,0.0
16,10.144545616308214,-9.791220884118218,8.122950843547407,-3.6516385386960195,5.34508944466829,-4.5515654374348955,-4.9349735781011335,0.13174084471157776,4.998563738040627,-2.977424292971475,-7.930909797272484,-6.646646423272446,4.987667856041733,-4.402151764527174,4.3944199949778024,-1.9501841520045282,-5.845254640230387,-8.400189730032,3.694076543414506,8.54906716934781,3.0,1.0,1.0,1.0,1.0,0.0,0.0,1.0,0.0,0.0,0.0
17,8.348046388790605,-10.432832832935695,7.005041274336611,-3.6456719214989843,5.100662611332797,-1.7935149892218454,-5.244603958928329,1.4875751175156526,3.9680988469074014,-3.7422372747243067,-8.691678686446297,-8.528567430196958,5.238185463856818,-4.630436050742217,6.209800509894038,-1.1842544604855438,-6.772641480690125,-8.313016168019656,1.1710777456659998,9.901086495791732,3.0,1.0,1.0,1.0,1.0,1.0,0.0,0.0,1.0,0.0,0.0
18,-3.4458653564407276,1.4556859885003812,8.294691853276536,-1.9427400163237392,-0.4474438325183434,-6.237930399423405,-1.0411255336632859,8.75896725509257,8.243801420589397,7.961571770581459,-8.65553786393915,3.6857174717117096,8.119673304392942,9.817473191369867,-8.182126006167438,-1.536103368199739,-7.196235343080694,-4.5594984473388696,-8.535811771446578,5.389722181047312,0.0,1.0,1.0,1.0,0.0,0.0,0.0,1.0,1.0,0.0,0.0
19,4.08132226832282,0.6040979054532811,-2.6817521287132893,-8.593282477956594,-6.707405968348716,-6.62195685861932,5.741589873603541,-7.105962053221024,0.04219031068283274,0.48634418572297244,3.7241433727006577,-6.079606925823691,0.6282016689180472,9.127797854819311,8.071938737245047,7.2678542573217095,-7.281899075734739,-5.0249774629524175,8.558773439854976,-3.506429829420181,1.0,1.0,1.0,1.0,1.0,1.0,1.0,0.0,0.0,0.0,0.0
20,-7.708661430162284,-3.926322191893008,-0.5694584332454635,-7.164669913572979,4.025856883336718,2.231982192037097,6.981792714762173,2.4813181284983803,-5.3648214120772355,2.6457461387438874,-0.6123873211836917,-6.411575792058181,8.245115071597413,5.771483266044448,-10.869833794597078,1.1128980962964987,1.3636816128762421,-3.7082141981895522,-7.844976901495551,6.871885685710147,2.0,1.0,1.0,0.0,1.0,0.0,1.0,0.0,0.0,0.0,0.0
21,7.88729079428131,-8.614697543001533,6.332482256733519,-4.381556879011673,5.4357246377772,-2.536776060184916,-5.732391710919323,1.835115913297448,4.077533068849794,-3.682655942991709,-8.65511354313257,-6.817208194147603,5.375708610412337,-6.589302745682157,6.008066737965867,-2.327686852084245,-6.586152200408685,-7.79108686517243,1.9645938329165897,8.907630880937855,3.0,1.0,1.0,1.0,0.0,1.0,0.0,1.0,0.0,0.0,0.0
22,-1.1175708580617079,1.0843158928999985,8.448910214253738,-3.3570633293227834,0.0881245292889474,-3.049308258757883,-1.2893192950448071,6.942118771346154,6.12941539334153,7.797319440476419,-8.34840859955858,3.5697806446847724,7.64447598892779,8.221644911090484,-8.805797058968702,-2.155187901996862,-6.488251618913036,-3.182758637828093,-7.321053565846093,3.6888708659027216,0.0,1.0,1.0,0.0,1.0,1.0,1.0,0.0,0.0,0.0,0.0
23,-2.0647305146061545,0.6850685600810809,8.280212901416986,-2.8023037950424974,1.5432218492148897,-2.5250218630732304,-0.7070311814400176,7.888869433690138,7.326962173468216,8.418975670396796,-7.994330250891766,3.029782897949524,6.527219386664691,10.820567327996386,-8.908523324809831,-0.47653413965134783,-5.31254058716015,-3.4948739039756473,-7.423457699129487,4.101996460718312,0.0,1.0,1.0,0.0,0.0,1.0,1.0,1.0,0.0,1.0,0.0
24,3.1986492689765393,-0.7540439126030598,-1.81783981851637,-7.989565555702414,-8.839869050654908,-6.582710916628492,6.289264529642772,-6.882886545968217,-0.9657724427980299,1.129143315110228,4.526056352205674,-6.9370007534073395,0.3455525877076713,11.014347219733525,6.729306771752457,6.774509713886616,-8.136357162567224,-2.580032633179943,9.833852098438308,-3.6295055923341963,1.0,1.0,1.0,0.0,1.0,1.0,1.0,1.0,1.0,0.0,0.0
25,6.614872085049982,-9.65033388281627,8.125963503946709,-5.454528946366151,4.503481158470544,-2.592033373196621,-4.279243292500467,0.8149964204303375,3.2796844410984924,-2.1200522294819772,-7.641605183423679,-8.928948360981108,7.3121902938298255,-5.464880748253506,4.6308288027385425,-2.578712910368573,-7.035833481619507,-6.746992616754587,1.0277412452966013,8.440752910856713,3.0,1.0,1.0,1.0,1.0,1.0,1.0,0.0,1.0,0.0,0.0
26,6.005457603050794,-7.596477125262933,7.802850333524732,-2.6536055641309346,4.222400967276351,0.49682623445008556,-4.768680120908783,0.1077821360290172,3.832016164642782,-3.3527914956436953,-8.672475793409072,-6.238284695287646,5.755550495955928,-5.783033638197305,5.431675216634022,-2.1321355389484005,-7.956156218698364,-7.189291090411913,1.7395538483682325,8.931241629755917,3.0,1.0,1.0,1.0,1.0,1.0,0.0,0.0,0.0,0.0,0.0
27,-3.889077007209016,-0.002220994388692027,6.974510246276938,-5.462678212852213,0.7929773950532363,-0.6199427602973286,-1.8525027910471596,7.1615729479739265,8.35605559403088,8.230797759127714,-8.920118928065742,2.7145376411621664,7.37960132462171,9.67671043094076,-8.78493564979401,-2.062416956192497,-4.973134840734996,-2.926309391522004,-6.9309217375750345,4.378757658757541,0.0,1.0,0.0,1.0,1.0,1.0,0.0,0.0,0.0,0.0,0.0
28,-2.159824923027049,-0.06438662426194552,7.512829957925562,-3.3385772955761484,-1.3055284487409926,-5.075490449996179,-1.576435012775537,6.18702016104667,9.043817575597197,7.68023989200472,-6.932879782996178,4.377505269678721,6.320547081354206,9.524913350312994,-8.794666802247596,-0.41351414514387996,-6.027964676607868,-6.366392092066658,-4.9396953346962285,4.667241399429288,0.0,1.0,1.0,1.0,1.0,1.0,1.0,0.0,0.0,0.0,0.0
29,1.634538304820573,-2.7816418186013516,-3.0394452556372076,-9.524195105928653,-8.639881877717077,-5.935256978800681,6.675149628069146,-5.816960744643454,-1.5059571719684,-0.26041730435707694,3.567172585183202,-5.209005589180541,1.101126626270238,10.267713246226148,7.344581152575819,6.910252390363202,-7.987934888468162,-3.1564392455637043,7.764276937159148,-4.772315320661053,1.0,1.0,1.0,1.0,0.0,0.0,0.0,0.0,1.0,0.0,0.0
30,-3.548882933226647,2.1082691341212656,8.76089349703707,-1.8924727976064577,0.7762795269501918,-4.631294219443729,-0.7618116626263554,7.434493954272935,6.621942970262849,8.8184026385156,-11.051920667047732,4.697981789786155,7.899370638636231,9.604282806922527,-9.269204003906863,-0.46793464919817174,-5.819389570810128,-4.537291705311796,-7.311773369922019,4.60828421989941,0.0,1.0,1.0,1.0,1.0,1.0,0.0,1.0,0.0,0.0,0.0
31,4.108202177638473,-2.005223353835514,-1.3220000135854113,-6.845940281471044,-6.9307668404305485,-5.938149934919899,4.986489595668496,-6.711786285762339,-1.957108144668593,-0.9800029264782416,4.650256684134353,-5.009286816077501,1.537845639366742,9.547500931370765,11.305656142697,7.116017597284374,-7.388243548065946,-2.700507107623168,6.9296920844452625,-5.135955905271655,1.0,1.0,1.0,1.0,1.0,1.0,0.0,1.0,0.0,1.0,0.0
32,-2.6079170744431797,-0.010507243049942133,6.612055708523808,-3.445332741070498,0.36571573255307754,-4.100910817115641,-1.2886146001106578,7.17737370204346,8.542888661577827,6.249709905296546,-9.203732407007651,5.5265311451437675,7.134511562549413,8.929283056778322,-7.736969685699554,-1.7025944674823417,-6.787182088067199,-2.2494908146842487,-6.82234730662003,6.1132586285079675,0.0,1.0,1.0,1.0,0.0,1.0,1.0,1.0,0.0,0.0,0.0
33,-7.683634122925561,-3.4780841890605783,-0.3823251883683381,-10.231300824706189,3.8822369640077183,0.25572799784124345,8.467992479267206,1.5805267665973024,-4.0146962281225935,2.2045109170123176,-0.7415884619849986,-5.059818622056802,8.992815533977165,7.522592889426788,-9.388234642071634,0.696553969183124,-0.8480069077695349,-4.388015751513528,-5.902778591883266,6.731529710132918,2.0,1.0,1.0,1.0,0.0,1.0,0.0,0.0,0.0,0.0,0.0
34,-3.382012092692502,2.686462537938255,9.913952381198344,-2.4877004933527203,2.0926159592348568,-1.6302552102409755,-0.6777076382527957,7.217006992917266,9.594776875971302,8.157063326295892,-9.80382615341724,2.4319666199637475,8.113824435887143,9.900336514173034,-6.344175054379318,-1.4589868194222955,-5.817955559960232,-3.8539791595061375,-8.576645619357382,5.160662236101082,0.0,1.0,1.0,1.0,1.0,1.0,0.0,1.0,0.0,1.0,0.0
35,-2.394634713318173,-0.08956749211837095,7.563968481511791,-1.8764214406032598,-1.0645931419892256,-4.2896056880291935,-0.6609669757404547,7.058529668326385,8.232806357370068,8.348308842776849,-8.409187300044618,3.4923632409909366,6.927408710321053,9.626855136657083,-9.50827147691988,-3.460455563272246,-4.463483544500463,-2.86678463650241,-9.695521432367528,3.250280920138012,0.0,1.0,1.0,1.0,1.0,1.0,0.0,0.0,1.0,1.0,0.0
36,8.962401874462298,-7.650795420118216,7.89711964226886,-5.372768769391607,3.1396364122348497,-2.3415329459167817,-4.921814960520334,2.177271198511664,4.756072298447681,-2.708052019801791,-7.4764959730834075,-7.631325325706644,4.981789269680821,-6.28993280849744,6.835462538764767,-4.204652578805109,-8.96951890944168,-8.800927435323798,2.068825441925947,7.307143965185072,3.0,1.0,1.0,1.0,1.0,1.0,0.0,0.0,0.0,0.0,0.0
37,-7.456466497314533,-3.410884353108568,-1.812845124493992,-6.521122639249707,5.779858213485619,2.5234685551213296,8.885270649436787,1.244774287663701,-3.4963137734436533,3.745552712688024,-1.948052548703497,-8.022269000760433,7.432296165728393,4.513243652629957,-7.577392283637702,0.8861750348863946,0.1927106052971238,-5.647468082012378,-7.2969341489471224,6.317986353060062,2.0,1.0,1.0,0.0,1.0,0.0,0.0,0.0,1.0,1.0,0.0
38,3.8727837452139884,-1.0523308925304808,-2.676102300398936,-9.279664957007505,-8.902265410203313,-6.310385206352611,5.273675864207017,-6.915225670029022,-1.8901761534957862,1.680721468005078,1.6710136132718922,-5.251652374525511,1.2469153310337773,8.10515895265217,6.794120885418952,8.355160262425121,-9.418741161763851,-2.7173578011106265,8.431520060678821,-4.397972042519901,1.0,1.0,1.0,1.0,1.0,1.0,1.0,0.0,0.0,0.0,0.0
39,3.3158472027295334,-0.5501363134657704,-0.6009040715761843,-9.376940046785906,-8.500405024293196,-7.406931257338321,5.667573566530885,-4.550412674078923,-0.49364514008739047,-1.5527132500505665,1.0528505491525313,-6.652507421897847,0.7779586637476685,9.604040784220468,6.609773953917502,8.781256310991598,-8.29480880026389,-3.263090624178072,7.299512634774102,-2.8152244576619765,1.0,1.0,1.0,0.0,1.0,0.0,1.0,1.0,0.0,0.0,0.0
40,4.967825580497626,-0.13658796892992298,-1.281218513801984,-8.58443996019032,-7.303624429089963,-6.543896887901253,6.724789299622375,-6.202637162732111,-0.9587679165171004,-1.1531620449554825,3.694885051332767,-4.6915502583433675,1.2358368086807092,8.958136895031425,9.007451342223037,7.054238366056959,-7.395136016957709,-0.4973293951832116,9.802030864855512,-5.050057584865973,1.0,1.0,1.0,1.0,0.0,0.0,1.0,0.0,0.0,0.0,0.0
41,3.814115265908321,-2.969975295366611,-2.18768285148887,-7.643622323580535,-7.052186428791628,-6.97355001798296,7.3496721270139584,-7.4482391057205435,-1.3471813393772254,0.4141645256505626,3.6900316382401854,-5.2236381870940605,0.4424962824965163,10.080631050293997,7.697041094259601,9.884486045733006,-6.162538799802853,-3.2717948299283663,8.096362757003757,-5.433372045423331,1.0,1.0,0.0,1.0,0.0,1.0,1.0,0.0,0.0,0.0,0.0
42,3.6291317495473745,-2.7766137417400922,-3.5379470926237206,-9.33031690487234,-7.866786190460164,-5.904087599252897,7.661381702734043,-4.9739953219955035,-3.6684516834544745,-1.875903207653008,3.882215648433654,-5.023246387594365,2.004531407948865,10.906917270350924,8.714764842852457,7.214020922103942,-6.0667882971521365,-5.529074148861481,7.263749106060922,-5.933502752691046,1.0,1.0,1.0,1.0,1.0,0.0,1.0,0.0,0.0,0.0,0.0
43,8.355828548062885,-9.339682635208572,6.581219096272076,-4.958960443461671,4.108106547660939,-3.3642690092897185,-6.054365997748549,0.7908626228998827,3.534718098790815,-4.023480740036085,-7.079108961083902,-6.888967429272366,5.851563680276362,-6.992349483390284,6.946183406590249,-1.9782373219338516,-5.5561765356153705,-9.566226912158404,1.8057944181107572,7.676361509324625,3.0,1.0,1.0,0.0,1.0,1.0,0.0,0.0,0.0,0.0,0.0
44,3.4764640410479823,-0.06463919362005588,-1.8097285624369457,-9.769321480811684,-7.274829731964279,-6.259105797261132,4.126462874761788,-5.51725597312286,-0.28033294743854187,-0.8662015434489516,4.564943447436492,-3.3509964903690808,1.15571451016071,10.626573733823497,6.945422317872022,7.984322056371261,-6.678075631702475,-3.7344777741840685,7.924368885650267,-5.1849174361288615,1.0,1.0,1.0,0.0,1.0,1.0,1.0,0.0,0.0,1.0,0.0
45,7.01752309160054,-8.46024620313351,8.148553884129651,-3.6628554520744436,3.717261887919146,-1.8892132024356654,-5.734756257128211,0.8640546482708285,3.7696873992110764,-2.1001712334099745,-8.139955526472205,-6.859934628222244,4.180966799101595,-6.3956571371936635,3.7793975435315392,-4.053273401729201,-5.027100523160684,-8.93462397208252,2.7821798082155738,8.250209590469474,3.0,1.0,1.0,1.0,0.0,1.0,1.0,0.0,0.0,0.0,0.0
46,-1.9920804621664325,-1.6287519632973528,7.876732524176251,-3.5242098128584236,-0.11765670648789683,-3.4536796828209844,2.0122593387538994,6.730726286273165,9.285232448009177,7.962820556450091,-8.374976427614284,5.4343453369591685,7.3603741968920815,9.218719879256302,-8.155468746663725,-0.28088327241154887,-3.5809839732911217,-2.6546567604649165,-7.714081808826245,5.403840129114881,0.0,1.0,1.0,1.0,1.0,0.0,1.0,1.0,0.0,0.0,0.0
47,7.909865057294272,-9.180701270904965,7.9231742272292704,-3.8778857959322726,3.9068509597913454,-1.404540967977265,-3.7574300934066773,1.4374091751339966,2.2078599610847105,-4.883852678318661,-9.40523647177626,-7.637477094156538,5.127516060228753,-7.765119778379556,5.341173834814255,-2.556081703815177,-7.002782080841051,-7.836647104072797,3.1895738393716853,6.836730527050647,3.0,1.0,1.0,1.0,1.0,0.0,0.0,0.0,0.0,0.0,0.0
48,-2.3444420836433455,1.2808781916163785,9.629669092686148,-5.89357781850539,-0.7769256130021035,-1.0396899563522557,-2.5676494060378037,5.6416051855902225,7.824317707657518,7.240405419660458,-8.769819096365694,2.7534110861860857,6.444888469799801,9.406772329669447,-9.764483008287838,-2.4569870283873145,-6.919499899145469,-3.0155577336641652,-8.450460036006513,5.366308854003935,0.0,1.0,0.0,1.0,1.0,0.0,1.0,0.0,0.0,0.0,0.0
49,-2.630257426000172,0.06732167198643671,7.16373832537286,-2.7488974873124277,-0.16891042442013823,-4.243808787792496,-1.509498010798977,8.890321588344477,8.003852711671286,8.29907097415193,-9.617940666663714,5.529543640758714,6.610134408139424,9.998663125523828,-8.497275012341078,-0.965389647439358,-6.569707561635271,-2.689597631299878,-7.032437611396262,5.432407052050335,0.0,1.0,1.0,0.0,1.0,0.0,1.0,0.0,1.0,0.0,0.0
50,-7.67519393982023,-2.605883159876866,-0.9110173247166592,-7.264976765854957,3.609925073036139,1.710694490463963,8.22680302010658,-0.4952016342063641,-3.6885170612697125,4.1958935171600436,0.0672170633058982,-8.69055502767579,8.912124653303518,5.24046817282903,-9.694119129391542,1.1476819791983717,0.3969842708557241,-5.339091512025,-7.370443757647122,5.589090775134218,2.0,1.0,1.0,0.0,1.0,0.0,0.0,0.0,0.0,1.0,0.0
51,10.112433437891134,-10.13931658193068,9.90984766506391,-4.391336139815536,3.6417457150205457,-1.763065904740169,-5.318861625107206,-0.1827026398747571,5.126541725250495,-4.221718942004042,-7.84782146205634,-5.84833475080255,4.3876667949070525,-6.065789471147646,6.342769617999688,-4.713143619997788,-6.506960305269211,-7.993529709034589,3.841985941895717,7.008833413271058,3.0,1.0,1.0,1.0,0.0,0.0,0.0,0.0,0.0,0.0,0.0
52,8.76835352623558,-9.31789453503041,7.957758920806431,-4.3444099240190255,3.052681881755464,-3.699911442510315,-5.641025958839625,0.44815194181926554,4.54232948291983,-3.4453649552321006,-10.612610758405495,-7.20130334541333,6.737550169371446,-5.460127506199626,6.0392814759560745,-4.3141024889456165,-5.465749646537705,-8.333980657924865,2.110072630097425,7.778077766399166,3.0,1.0,1.0,1.0,0.0,0.0,0.0,0.0,0.0,0.0,0.0
53,-7.649959959113611,-3.8144117289710935,0.19066627813666193,-7.3911167183741595,7.156204827203243,2.8292691735744113,6.261627159269207,-0.46437987692959837,-4.764483230467312,2.7685181108227095,-1.2982729312320094,-7.346013805615413,8.01510429867678,5.710124215788751,-7.707241363204261,2.1761307745315954,0.8820745064936332,-4.235213993514186,-7.541899580546081,4.778273749349016,2.0,1.0,1.0,1.0,1.0,0.0,0.0,0.0,0.0,1.0,0.0
54,-2.085592414379723,0.2551537814253506,8.87929578401766,-4.173304857209818,-1.290908062951022,-3.398294515485958,-0.4485398653488193,6.035336877037917,6.746913273635388,7.38714877218206,-11.300521340653534,2.706475919701153,7.685652599292088,9.965020985124816,-9.424953092428243,-1.1001772107764802,-6.626219807243158,-5.197314157179894,-8.448691431498661,5.013072574590853,0.0,1.0,1.0,1.0,1.0,0.0,1.0,1.0,0.0,1.0,0.0
55,-6.997110521713877,-2.974669798228951,0.6769955888356536,-7.0915542445153426,3.924216575194465,1.9359304672264208,6.8376479145791915,1.4626570773583196,-5.759114841897089,3.4061804219482004,-1.8036438944630853,-8.318523837196224,8.40410445781725,6.989356696751585,-9.20508341183072,2.2800993969116767,1.6304887022431567,-5.42203137306552,-9.325991997272276,5.946473083246781,2.0,1.0,1.0,1.0,1.0,1.0,1.0,0.0,1.0,0.0,0.0
56,8.270305758815,-9.602043409775801,7.33808195383355,-4.478377996774784,5.928647787874509,-1.1468062636264398,-5.3688213181316495,1.407633641276071,2.813374835693587,-1.1397913238519308,-10.333095163964558,-6.557852036714811,7.588361447565607,-7.901596358084284,5.9273338011447825,-3.2978328690042855,-6.2253240202480775,-6.813404108507121,0.9794784128209217,6.522819417079214,3.0,1.0,1.0,1.0,1.0,1.0,1.0,1.0,0.0,0.0,0.0
57,-6.31673367751808,-2.902570252035409,-0.08835111368434612,-7.447023570344471,5.197973432765009,1.0810284006488853,7.292968979790867,1.7238280799453296,-4.077769957446191,4.117353946484731,-0.3672958123423347,-8.48389840880517,9.947268750533208,4.650746756040876,-8.331130604514364,0.37954055901265615,-0.8597671831702085,-4.056811674645386,-8.929933724231272,5.111093222134968,2.0,1.0,1.0,1.0,0.0,1.0,1.0,0.0,1.0,1.0,0.0
58,8.454197060308786,-7.1032537221226955,6.581319176853537,-3.6106421669345066,5.432963042087251,-1.722621804536516,-4.895825823936904,-1.119163052001293,4.738403440202485,-2.191564940380709,-8.697020900830031,-5.851154405576608,4.380086199763084,-4.286755600371024,4.0323735615295,-2.887551006736299,-7.186426058260815,-7.6426245958678605,1.539271729341646,8.1546399290839,3.0,1.0,1.0,1.0,1.0,0.0,1.0,1.0,0.0,0.0,0.0
59,-6.538123826345724,-4.6237990229920145,0.013814563854735173,-6.50291289059395,5.712424512245033,3.9266427313621826,7.289869085189009,1.2938458864039675,-4.879548867293463,3.1632597652618695,1.442630402644291,-7.632014971043052,9.212374459938333,5.538809193787807,-10.03446551394182,0.6905852629923543,-0.29416414083009845,-3.3134759016256026,-6.308163044798321,3.7735068739180333,2.0,1.0,1.0,1.0,1.0,0.0,0.0,0.0,0.0,0.0,0.0
60,-9.44360305865327,-3.2724941196767245,-1.7764434803193867,-5.928358094998961,5.4731698865836425,1.7463779721085753,7.500888484022565,0.16522216366675302,-3.216239895670109,4.041910764392325,-0.478486836862206,-7.258657817050087,9.114262181014308,4.255792141821054,-10.692433947315797,1.1506078049343769,-0.21089796270686434,-5.613274563589329,-9.29283689941981,4.6687932037728155,2.0,1.0,1.0,0.0,1.0,1.0,0.0,0.0,0.0,0.0,0.0
61,-6.661126206837218,-2.4254194014411112,0.8911519188871944,-8.76733476372035,3.4639972817986164,0.4536490535006965,6.7529497038867525,1.4606040808026268,-6.846218047869355,1.866272778013187,-0.49013747650100503,-7.292399214780643,9.502472062166877,6.356499846653621,-10.106583324468536,1.5420792948874755,0.7961084248572012,-5.7399215614724435,-7.598629576345177,3.1758612154110644,2.0,1.0,0.0,0.0,1.0,1.0,0.0,1.0,1.0,0.0,0.0
62,8.202586516279984,-10.02227346996811,10.059873806504548,-4.39343032348354,4.410455492346048,-2.1201190732681505,-4.478022331968545,0.543268183996558,2.1947838585454527,-2.5929866970002915,-5.448007324290813,-7.118652409907426,5.207271091767809,-5.6466721575551695,6.23026862665358,-2.0560549767114935,-6.961622844576696,-7.275206699630955,0.9744624471742991,7.487376713789204,3.0,1.0,1.0,1.0,0.0,0.0,1.0,1.0,0.0,0.0,0.0
63,3.773501120419086,-2.594522933904216,-1.9075420181458007,-7.214058734806393,-8.632534673933861,-5.009022360197733,7.258917657106647,-6.058665438867537,-1.6134641673994459,-0.7589265919037882,3.766449694743203,-4.896753690678706,0.4980532912162208,10.606497961300075,8.313102305439786,4.943631665222471,-8.012800966270014,-2.724025332381953,7.303427731177205,-5.080107456379909,1.0,1.0,0.0,1.0,1.0,0.0,0.0,1.0,1.0,0.0,0.0
64,3.4465777744670048,-1.0401359831697272,-1.8589871209196076,-6.9763350586235475,-7.098444832778119,-4.404547697323226,8.112737907528807,-7.3903994646634885,-2.2451035606857195,-1.9494625720310594,2.720917505768901,-6.924931100346869,0.13801263930476626,8.000217508471994,8.51645895135342,6.203397290306917,-8.431090489298978,-1.691034349479307,7.695848459977056,-5.389062749878633,1.0,1.0,1.0,0.0,1.0,1.0,1.0,1.0,0.0,0.0,0.0
65,9.797541938713971,-7.723690799499776,8.576536351622664,-4.9846866229525855,4.8913751847505065,-3.712833117020623,-4.950147426908703,2.0617393749416744,3.77571697836581,-4.984900071854088,-8.095658074875672,-9.06321876971052,5.6163596492390155,-6.387708479025632,5.874583930720585,-1.9394104752784647,-5.430860195897496,-9.29868997731557,1.646812924897327,9.08458649825842,3.0,1.0,1.0,1.0,1.0,1.0,1.0,0.0,0.0,0.0,0.0
66,-2.2649271554460095,0.4074295332143895,5.694740945376161,-2.739105929513793,-0.6694550111524489,-2.511050272544543,-0.6760640424360994,8.417054551431303,7.6529798847665775,7.68160775199468,-10.628101322154464,3.8494742653354987,7.414863520041632,10.996517092397827,-6.4195264738792615,-2.2811640636326938,-7.683846076708861,-4.620107978909106,-8.143333963861375,6.0753955791579655,0.0,1.0,1.0,1.0,1.0,1.0,0.0,0.0,0.0,0.0,0.0
67,-6.472595144473547,-3.770653027891683,-0.1698203480834746,-9.99284655450877,2.9209045075565876,2.2577439623639073,8.362373601368471,0.6144706807036702,-4.780241301669978,3.1572076648810032,-1.051866269634847,-6.017773556918675,10.000434120310974,4.074188066905961,-10.17463236108741,0.6003347034837434,0.0425396203697897,-4.449723402950012,-6.111415180597161,5.76129789746744,2.0,1.0,1.0,1.0,0.0,1.0,0.0,1.0,0.0,0.0,0.0
68,-1.606906422249683,-0.15238515275918957,9.12079364397655,-1.3892596456031634,1.2525251507370965,-2.4414125021298823,-1.833821863645477,8.653417673870011,9.267000127015336,7.671952044011461,-9.941325868877797,3.6353991231804907,6.66016362963133,11.547640684997281,-8.860207667247103,-3.809974635587536,-6.8850820775579225,-2.458126487664858,-7.4186628640211,4.437542305708116,0.0,1.0,1.0,1.0,1.0,1.0,0.0,0.0,0.0,0.0,0.0
69,7.379443698141354,-9.790881457974042,8.26282212512425,-5.349242856687385,4.6875454666785785,-4.4728088030075,-7.721046418507334,0.8656864540985356,3.5061933388910522,-4.4202390659483,-7.960686247278149,-5.94382258648761,4.978256615418308,-7.379500378853138,5.207259458197583,-2.7027144864846524,-6.6346764909894995,-7.074662747643804,3.0462009739128897,6.3549492398594465,3.0,1.0,1.0,0.0,1.0,1.0,0.0,1.0,0.0,0.0,0.0
70,-7.688157969443837,-3.760230559028571,0.232440175372295,-6.881858377811717,5.265030200365635,1.1365005377689408,6.535377771497458,0.3108424009335866,-4.835760277934643,5.5209606517529295,-0.9945581297488524,-7.52686986259216,6.944869600620651,6.392618169274147,-9.370443469497504,1.0920362404470545,0.3324361409141155,-4.075609503557085,-7.047036839605818,4.529305769688578,2.0,1.0,1.0,0.0,0.0,1.0,0.0,0.0,0.0,1.0,0.0
71,-0.6879275850202122,-1.4039666405538478,7.727197934331579,-4.369556903579607,0.33669872158085973,-2.5862608938810867,-1.4645341677187147,5.621524684345124,7.7870652231759845,7.547386692163449,-9.38647658133188,5.995125771502457,6.71540626012279,9.08009062892653,-9.552816673799976,-0.7742140933898818,-5.409659129115484,-4.030514533434822,-6.222006830798609,3.2818690488928315,0.0,1.0,1.0,1.0,1.0,1.0,0.0,1.0,0.0,0.0,0.0
72,-6.868618079294427,-3.4026389979250427,-0.9854997281115803,-9.67868225268817,5.814162685297699,2.716064619516976,5.732588078650343,3.4595685547711716,-6.937729417469023,2.906113700828979,0.11609949080406173,-8.677253175903305,8.141017017094942,4.993412599366806,-10.147989287197365,1.7289416962849544,-0.819602042210565,-5.440763904693473,-6.948850822866434,5.176113487196174,2.0,1.0,1.0,1.0,1.0,0.0,0.0,0.0,0.0,0.0,0.0
73,-6.629804504153407,-5.162891392640144,0.9246933566080695,-6.873196094709582,4.226300285344998,3.8164386987624606,7.9912800181224295,1.0720019865419261,-5.539244131085055,3.32002818683479,-0.22419235472121893,-8.783332762877972,7.800943793014137,5.009160321693682,-8.811305674484755,1.4038901873637595,0.2104842723733925,-5.996042935506519,-7.304593692315879,3.97594212284002,2.0,1.0,1.0,0.0,1.0,1.0,1.0,1.0,0.0,0.0,0.0
74,-3.5039487704070265,0.13082911698199065,8.258361351681293,-1.522301618017744,-1.8457668120452366,-3.967027191614194,-0.7866606378464456,6.4919466791012725,9.496256387661788,8.053676306870113,-9.233777526121406,4.0347643104555075,7.1831912121985715,9.707714284462634,-9.52469108474548,-1.3189711067226075,-5.6256642675655035,-2.158411132989169,-6.141476400833277,4.695494319453675,0.0,1.0,1.0,1.0,1.0,0.0,1.0,0.0,0.0,0.0,0.0
75,3.432457884544756,-1.934300706186546,-1.6811685745118585,-7.9086835200898715,-7.792702254757306,-5.52072794253211,6.5677030847219005,-5.680846111149574,-2.204699785295904,-0.7566813419804914,2.734124681971358,-7.025520973937802,1.5734561020256743,9.214031842288893,8.693313082971455,8.462607398501486,-8.210175137549406,-0.5386754321487368,6.532014340072817,-3.7559686524763114,1.0,1.0,1.0,1.0,1.0,1.0,1.0,0.0,0.0,0.0,0.0
76,3.265254704440011,-1.2279623705939224,-0.4845615650484655,-9.023324299938766,-6.440788475153704,-5.913289684925,6.052486833769509,-5.9738676678637574,-2.6945590768372867,-1.0441125227570547,2.609267382521863,-4.979778956965279,0.15186047214411325,8.28413513590814,6.85912052168091,7.626219086245179,-7.29901060304978,-3.7045142237419575,7.396826783436338,-4.72580606692872,1.0,1.0,1.0,1.0,1.0,1.0,1.0,1.0,0.0,1.0,0.0
77,-7.641054249185455,-5.428633437108957,0.18530121298269608,-9.04585217452806,4.9246519251119825,0.9565219682935111,5.606916687871852,0.40945911062489915,-3.1387581463694265,4.356426934119069,-0.33261859207030264,-7.162207979541247,7.46777438399182,3.61569672246418,-10.524779626665929,1.196690025942776,0.2393171074526808,-5.171759539529257,-8.051338174961572,5.593744868056689,2.0,1.0,0.0,1.0,1.0,1.0,1.0,0.0,0.0,0.0,0.0
78,-8.261887554753411,-4.673668439647178,-0.30153969261909624,-8.900519746576473,4.414284668747601,1.7846006783484165,7.282073853889761,0.48773767980349697,-5.541974516063226,5.096938603519071,0.25638029850080934,-7.688585414261298,9.168011665731168,5.7962913274028445,-8.712454145451215,1.7134622966272146,2.429932649771538,-6.516347458352844,-6.451292708805479,5.736096524296837,2.0,1.0,1.0,1.0,1.0,1.0,0.0,0.0,0.0,0.0,0.0
79,7.13907781098319,-9.38511834219634,7.426752443026931,-6.428922025157068,5.522363584711688,-2.9827663928085064,-3.80877767845128,1.3239735765639078,3.258254849450217,-2.884203675070139,-8.563409832866487,-6.67667377711039,5.893790304920043,-6.421435217023031,5.208748051071578,-3.8179480597666515,-7.32054071799011,-7.264322689020098,1.5744544258202824,6.768958535846854,3.0,1.0,1.0,1.0,1.0,1.0,1.0,0.0,0.0,0.0,0.0
80,3.2524750076152786,-3.0209305759246994,-1.7197275330247592,-8.674073876917483,-8.930759282983097,-4.600801531867898,5.5800104759921885,-6.167252670464046,-1.1102003415873876,-0.6580120003261057,2.4095375158443946,-4.249773510805632,1.3228615681476246,10.535637648660607,7.858499472271811,7.140254235853224,-7.975041952773061,-2.274590905795903,7.87275194758149,-4.61063517933837,1.0,1.0,1.0,1.0,1.0,0.0,0.0,1.0,0.0,1.0,0.0
81,3.334004827926335,-0.8287371890933902,-1.3638795812994489,-7.8452821996929805,-8.588752248264472,-6.74808377587685,6.780448791088778,-6.049494067658872,-1.2491962315370457,-0.7364510530801522,2.3177363060855236,-5.137446651359885,1.3843715440419113,11.222686178105462,6.985678435785629,7.099393311160289,-7.029598915718194,-2.331017747347104,7.862338055997594,-5.352132374179596,1.0,1.0,0.0,1.0,1.0,0.0,1.0,1.0,0.0,0.0,0.0
82,8.07110016451148,-9.750191111867775,8.493543650755397,-4.955336826340552,1.7457463687342103,-3.1597226296878165,-4.419864370746859,0.42537177797364856,2.204216007939131,-2.7832435187183013,-7.8989995307526,-6.953217365172752,3.6959750701606224,-6.769524740140556,5.50060140538791,-0.9615579136197934,-6.089871561924108,-6.853603586512746,1.6644061540057677,8.571825732096162,3.0,1.0,1.0,1.0,1.0,0.0,0.0,1.0,0.0,0.0,0.0
83,4.0696777716172745,-2.9321605020935038,0.26047986815815993,-8.498778291036372,-6.263900626639192,-7.461352097311332,6.400390760803034,-6.780117369480587,-2.23293603512571,-1.7211343402924764,3.6365226772520955,-5.019951191958725,2.7017400315247357,10.471962074624361,6.660121180648464,6.406221968826811,-7.659847336853807,-3.244890179966411,8.57705616870772,-4.254522548548002,1.0,1.0,1.0,1.0,1.0,0.0,1.0,0.0,0.0,1.0,0.0
84,2.5387384794503487,-1.9877782182023982,-0.8193902300216989,-9.046049715777325,-9.675306351149182,-6.913024396433624,5.355938111580674,-7.124970899548098,-2.018880616527031,-1.9885863918721993,4.352152026960373,-4.832683832706165,1.9462739773782798,9.126926932964663,8.784570609245367,8.568412627557947,-8.096633573755671,-4.338509842694399,8.946643025036957,-2.7091760435362495,1.0,1.0,1.0,1.0,1.0,0.0,1.0,0.0,0.0,1.0,0.0
85,9.230936604526361,-8.07845140085536,7.0704834571465955,-3.6066322942174502,4.15287881962322,-1.8288137595522065,-4.0378276743639345,0.7084942940482124,5.150621278670251,-2.708419912969583,-9.871081644807239,-7.286813370013974,6.480009804012807,-7.671461332983769,6.876059632750583,-4.389913958545099,-4.779151997815248,-8.063031545601948,2.237406071834335,7.591749215978057,3.0,1.0,1.0,1.0,0.0,0.0,0.0,0.0,0.0,0.0,0.0
86,-3.304401630886839,-0.7555075618449675,8.50351651333552,-2.8270478945969604,-0.2735781713030395,-3.0675741605454117,-0.3351822895887442,8.351858161480655,7.775092824916835,6.864231918073101,-8.466008011608313,3.034919824292123,7.9191717560249035,10.980052179745261,-9.182692344569444,-3.3000815091002496,-5.80764079222987,-1.0690532680879477,-6.522201398204842,5.2925013204619225,0.0,1.0,1.0,1.0,0.0,0.0,0.0,0.0,1.0,0.0,0.0
87,4.242279708320647,-1.5077958844003267,-1.5564522097761444,-8.890390223911842,-10.12852986103302,-7.736810706818061,6.267725334386146,-6.053714424606892,0.3536005753050062,-0.924938460637565,1.5525538641708057,-4.44408655973751,2.521020893198857,10.722014640332453,8.527842502603201,6.858162823914017,-8.942548206648276,-2.6863910522367775,8.343206782094319,-4.579147779457744,1.0,1.0,0.0,1.0,1.0,0.0,0.0,0.0,0.0,1.0,0.0
88,8.547220489424092,-10.099877413468823,7.846937941630332,-2.555568359014729,4.622651832227696,-2.9026832899293855,-5.722669769737415,0.6730342053389122,1.586477143321766,-4.478954965573639,-8.050134294007385,-8.325814995689631,6.647712888089611,-4.895549835957068,5.063191658262079,-4.236361114975452,-5.454026452268962,-7.213806380712459,4.409944201236173,8.031924227211665,3.0,1.0,1.0,1.0,1.0,1.0,1.0,0.0,0.0,0.0,0.0
89,-6.566203270110972,-3.0221857273144743,1.234187150407508,-9.336146329862665,4.552529684135374,0.03879687517415675,6.067743359973889,0.9493526770106689,-5.361957570977933,4.316562086288541,-0.7671554473498005,-5.721812770592815,8.322182696531533,4.760815580530844,-10.237935000468374,2.4381411938963176,-0.05340851717926942,-4.931174699028673,-7.458257887356986,5.23088908037782,2.0,1.0,1.0,1.0,1.0,1.0,1.0,0.0,0.0,0.0,0.0
90,8.518879795114982,-8.9025128321421,7.003033356711306,-3.8668731428578,3.4937213906511158,-2.941049105520624,-5.953907386878501,1.979374084212754,3.968017396208434,-4.384876149784261,-7.554078753843606,-9.200038116023514,4.243585697733205,-6.3568047230733615,6.67922590712845,-2.883002442816016,-5.811351291300113,-6.797973104608456,2.617968530557283,7.0468897746750745,3.0,1.0,1.0,0.0,1.0,0.0,1.0,0.0,0.0,0.0,0.0
91,3.3859781068093984,-1.4477325946277695,-0.5487740253386778,-8.742471680347606,-7.873073774515004,-5.670832809294508,5.210615915895007,-5.182059249594113,-2.0010769193381712,0.3450711454978649,1.921193020409904,-4.47748346892249,0.7930487856144209,8.44619806498037,6.302055266706546,8.800019528107613,-6.265084142336127,-2.978034069130527,9.282535960324338,-5.201107849257386,1.0,1.0,1.0,0.0,0.0,0.0,1.0,1.0,0.0,0.0,0.0
92,8.888268840432659,-8.72292493371582,7.119541292719275,-4.803435032017599,3.0567819604522404,-2.0786358457503846,-4.042444647614754,0.13542447931416124,4.502197623860567,-0.4725845235109061,-9.04728693670389,-8.062619740166792,4.602063507946108,-6.125256735757874,4.518245016401356,-3.008343949419993,-6.715145352574329,-7.768888652917201,1.0269116265866034,7.128165827021577,3.0,1.0,1.0,1.0,0.0,1.0,1.0,0.0,1.0,0.0,0.0
93,-1.541174962006493,1.048106596298138,9.435452445058894,-3.387514974566831,0.7314901182571817,-2.0041618267974335,-2.6365027755177852,8.015533500205155,8.310316433239935,7.6057127024546105,-9.56702875699068,5.372715307342148,8.515343677995515,10.510694332474463,-8.035021646830483,-1.6842198987134944,-6.871087648259883,-4.006205550145733,-6.96369112432536,5.0480095205898,0.0,1.0,1.0,0.0,1.0,0.0,0.0,0.0,0.0,0.0,0.0
94,2.48026564230502,-0.40061278966438985,-0.46677953488464097,-9.075286861891957,-7.851360038503364,-5.055577620767569,7.511059701945235,-4.812726507066948,-1.3078874694664686,-1.9924136115948203,3.8196100662248544,-7.0709943602505785,0.8433265957637508,10.485714579213404,8.024995292697092,6.167917180806816,-7.634491674038957,-2.4014434998255645,8.614216569601844,-5.511801006394194,1.0,1.0,1.0,1.0,1.0,0.0,0.0,0.0,0.0,0.0,0.0
95,-5.8073890104133845,-2.681839457972981,-0.4793127833879987,-9.29231192921442,5.700553127491172,0.8888697657436802,7.185797329108302,0.9521582877982174,-5.49687181195034,2.383938352182439,-1.6578479056615376,-8.321927737746686,8.197832517973836,5.470461242475508,-8.417577538955538,1.3766238943163367,1.827942145590474,-4.123502428917082,-7.553701266023079,4.93884546793397,2.0,1.0,1.0,1.0,1.0,0.0,1.0,0.0,1.0,1.0,0.0
96,8.221550838646719,-10.905171326387094,9.532559361845433,-4.325377596393692,4.827317591957142,-1.5090680019025824,-3.134578140007702,0.4793179344389873,5.2993250061199655,-1.7584142369526254,-6.833217789362514,-7.533175222922735,4.61497227365851,-5.4248232738172675,4.335866417941635,-3.2144524449116765,-5.818315454012576,-7.186803624016048,1.4756940997417725,8.780850194643866,3.0,1.0,1.0,1.0,1.0,0.0,0.0,0.0,0.0,0.0,0.0
97,6.861961082054064,-9.594835068189022,7.033476190622025,-3.649039325052949,6.147755400259749,-0.9456266928630281,-2.9497720531849945,1.6837042332563232,4.55409235868702,-3.1654098597206892,-7.537855994104735,-9.083183979403524,4.325115700970308,-5.911315869602554,7.213047533057768,-2.5639532313331905,-5.3103347819010835,-7.633279778023331,3.5411543026387227,7.811196016682405,3.0,1.0,1.0,1.0,0.0,1.0,0.0,0.0,0.0,1.0,0.0
98,-8.312780461895612,-4.018376057459363,0.3109673271046737,-10.017643615564756,4.791482581945593,1.3243324545924198,7.679254877014575,1.2278947959819129,-5.010168529611778,1.5084026557833445,-0.8186615815242282,-7.011674387617674,8.231889011508919,5.667560019872582,-8.437193723015273,1.5379852819145088,-0.3500503481423053,-5.50222773916574,-6.8564192457837105,5.9296768485570555,2.0,1.0,1.0,1.0,1.0,1.0,0.0,1.0,0.0,0.0,0.0
99,-2.5284311474324013,-0.5282329501199312,7.726032095650301,-2.967810756847915,-0.25527896786848336,-3.871746734834189,-2.0371430015222765,7.95947653585505,7.490928060125062,7.2068498800064456,-9.129363878363625,3.3274176641318793,5.867389268490058,8.900838463929055,-9.864852580652983,-1.5727213880079107,-6.535497031616404,-5.942967050605118,-8.28943171306817,5.139811464514635,0.0,1.0,1.0,1.0,1.0,1.0,1.0,0.0,0.0,0.0,0.0
100,4.30858442134452,-3.0128568804978935,-2.5001316467279278,-8.297907802645534,-8.722668194842836,-5.847726623745496,5.088362715742688,-5.997320776987954,-2.193079782769181,-0.05544480648952499,3.539464653220967,-5.622373285791851,2.2261536941050357,10.347617303463961,7.629814210467145,8.604409162863302,-7.955756382536285,-5.145353474451536,9.485860642612579,-5.540563037157022,1.0,1.0,1.0,0.0,1.0,1.0,1.0,1.0,0.0,0.0,0.0
101,-0.8909310622688866,-0.32393067067767667,10.107751110829629,-2.1700996547571396,0.32853111799279017,-3.1287090912295854,-0.43175058955967116,8.684564719516327,6.34815487551225,7.073837775940163,-7.5331439464696714,3.887450471212379,8.70524380604813,9.27513607874294,-8.164234167073305,-0.6512354493328723,-4.35087043819035,-2.2820894003371452,-7.7515147480874145,6.209470343198064,0.0,1.0,1.0,1.0,1.0,1.0,1.0,0.0,1.0,0.0,0.0
102,-3.9565988535749512,-0.5051669476673797,8.828561778955462,-4.013824742003194,2.145296118890594,-4.414631292873084,0.08878326675963266,7.428842802504927,6.851080921022642,8.297303246233573,-7.796673281284082,3.077398640542278,6.393051811108758,8.411657144264796,-8.871995262701756,-0.7626459658253986,-5.768460448356947,-5.646607044710192,-8.43076105990669,4.632950262735148,0.0,1.0,0.0,1.0,1.0,1.0,0.0,0.0,0.0,0.0,0.0
103,2.725543490440009,-1.3280988171217543,-1.795468560843559,-9.406279274783248,-7.675709577802873,-8.324265543186943,6.06248610390773,-6.4328968067629875,-1.6497859164937323,0.4785524419514787,2.2535874658263637,-6.495314846140022,1.2380733069570407,9.970099801874676,8.644180682406414,5.540442633738837,-6.127009655576906,-2.1214354387249856,9.794140264282808,-3.7826324269692435,1.0,1.0,1.0,1.0,1.0,1.0,0.0,0.0,0.0,1.0,0.0
104,2.138027329336449,-2.585805298009918,-0.31410243522110926,-8.967740185758444,-8.657437345662299,-6.702721511401677,6.2042673512153685,-7.1237029703855175,-2.0631488196037555,-1.6386616446846298,3.393058841215467,-7.030766671372988,1.8898154035688564,8.725305714127261,8.410991874547422,7.950326829862725,-5.71616804913109,-3.7067194009391793,8.112028674185169,-5.54525312710478,1.0,1.0,1.0,1.0,1.0,1.0,0.0,1.0,0.0,0.0,0.0
105,-7.733978964138711,-0.9572443022521715,0.17303554889540396,-8.003059712437167,6.011989510974992,2.7926541393403923,7.853975164278344,0.18062393823289546,-2.9518986785401298,3.5085066458581053,0.7083159030079634,-9.060452245296482,8.385819517607478,5.151248909649366,-8.847267096415944,-0.041739356076930134,0.7641339560650211,-5.011229138977006,-7.251973442330479,5.094160108879686,2.0,1.0,1.0,0.0,1.0,0.0,1.0,1.0,0.0,0.0,0.0
106,4.909672131928669,-0.15626675147549318,-0.9289537090647556,-8.502274503525642,-8.092571719879224,-7.329723592866579,7.2757863637045315,-5.823201607258805,-1.574122686204495,-0.49644044074681787,2.6967006051325884,-5.992118710156403,-1.2297373618279024,9.618100206031512,5.989394585101095,6.642581283291713,-7.8769399582684985,-2.3616636264591238,8.848621963560442,-3.5968832847471885,1.0,1.0,1.0,1.0,0.0,1.0,0.0,1.0,0.0,0.0,0.0
107,-1.4849216858611496,0.30622870687348136,6.907584986289191,-3.5617164428535477,0.05889675042886089,-5.645668306822637,-0.015893482455517693,7.406994076461793,8.747220732106541,8.175074780444715,-8.86416937541151,4.177191519673517,8.160704763301624,10.62997182324836,-7.935060993689216,-1.199129404607405,-6.543943571266076,-2.866648604056305,-7.754453665162366,6.711709921978806,0.0,1.0,1.0,1.0,1.0,1.0,0.0,1.0,0.0,1.0,0.0
108,8.882424274080329,-9.334139888207835,7.52834974468739,-3.6854879068374493,5.440365682512294,-3.910761093078722,-5.737578429032207,2.52698851023631,4.8405392808380485,-5.284875680295885,-8.163498910392855,-7.602842059949727,5.229298214578564,-6.880099415010468,5.277499154494068,-4.776298349045004,-6.342435090238982,-7.680757473319649,1.71962217172353,6.29916037908309,3.0,1.0,1.0,1.0,0.0,1.0,1.0,0.0,0.0,1.0,0.0
109,6.7185597122436675,-10.499145678483778,6.559604523990692,-3.585591326645116,3.408523052521039,-1.48873447403613,-3.964765081985453,1.1059959939129675,3.2116532587869404,-1.6063109495586931,-7.728726438699481,-8.145754055605058,6.579282684858363,-6.208479669357169,6.036324870010612,-3.2652256551929724,-6.284178075632941,-9.6566071862672,1.1429482078430937,9.867597335668872,3.0,1.0,1.0,1.0,1.0,1.0,0.0,1.0,0.0,0.0,0.0
110,8.376740125591349,-8.125166202551878,7.384487727135336,-2.9581476691744983,3.843110153011925,-1.9826940055833429,-5.020736034405771,0.06783987621805254,4.091645798553229,-2.250061955246415,-9.963567500273319,-7.586387815545014,3.7639406930262362,-7.700235775285405,5.847599935407445,-2.383311365121471,-5.897845716304511,-5.980460428705132,2.6999136504286674,8.996064743390225,3.0,1.0,1.0,1.0,1.0,1.0,1.0,0.0,1.0,0.0,0.0
111,-7.676276636517324,-2.986428879005541,-1.921078948221695,-6.23861330047543,1.8820157531109407,3.7617117718449915,7.287095962886107,-1.2632768681343967,-4.244536537563078,3.205592925496991,-0.047127052832080685,-7.573973126543234,8.779704171951249,4.499190446888641,-10.075747562180156,1.5008610406933918,-0.556202537990278,-3.8884740646286478,-7.596555409903769,4.7784579803566665,2.0,1.0,1.0,1.0,0.0,0.0,1.0,0.0,0.0,0.0,0.0
112,2.6480681517060023,-1.5726657496517802,-0.9140438415951381,-8.728666467969326,-9.22976536020491,-7.7492328337878185,6.834358072231672,-5.60740208247409,-1.224541255769212,-0.11876207149085932,3.427168009676612,-4.593427998551768,1.0440706169380918,10.047199221690164,7.320467635823114,6.744432900361737,-7.101978562745793,-2.6512440670680766,6.824222080944286,-4.9716668012433605,1.0,1.0,1.0,1.0,0.0,1.0,0.0,1.0,0.0,0.0,0.0
113,-3.7147329366430277,0.022126738297032822,7.32469446478799,-3.278436789814999,0.45782750981212295,-4.376820538424783,-1.7979959984743656,7.433237777978506,8.733417621800223,7.925611415862494,-9.617650741890248,5.00877001427203,7.914640649923572,11.377866619625804,-8.772851009375522,-2.675696382396456,-5.753545501566543,-1.7633361695508412,-7.116839075227145,4.939634507842595,0.0,1.0,1.0,1.0,0.0,1.0,0.0,0.0,1.0,1.0,0.0
114,2.385226668826374,-0.5746541484988044,-0.2510805004285921,-8.07214427384903,-7.449019321255225,-6.050119902744121,7.217816563323806,-7.662480705531576,-0.9172542222733842,-1.1681024951388719,4.157605494924003,-5.333550718300225,1.763973077359481,11.052883921004046,8.390515265753457,7.309954159623778,-7.372469073168912,-2.880219764960242,9.9286522597483,-4.917905882983424,1.0,1.0,1.0,1.0,1.0,1.0,1.0,0.0,1.0,0.0,0.0
115,7.828303116156727,-8.02516788172975,8.345863567436322,-4.893702979392606,4.908370349369495,-1.4926675206976463,-5.927970525847691,1.0744934188809732,5.634983659507439,-3.128149473487161,-8.434815005314064,-7.630149505558636,5.713588064403844,-5.905325516455052,5.382845728716431,-2.031813631027658,-7.095809139910085,-9.860935612346537,1.7648975160378146,7.4748730134468,3.0,1.0,1.0,1.0,1.0,1.0,0.0,0.0,1.0,0.0,0.0
116,2.6122694305528484,-0.2941568046216061,-1.6182410953804964,-8.623478868110956,-9.290975951643313,-7.87513105730366,4.9888251112714865,-6.555560198886686,-1.4657278543442247,-0.8099587280157095,2.9289633176520455,-7.948624814140068,2.531053514834303,10.056507795557392,9.373961463973275,7.82799943951661,-8.35690283686468,-3.774668744404469,10.808710060576622,-3.3078107280267712,1.0,1.0,1.0,1.0,0.0,1.0,1.0,1.0,0.0,0.0,0.0
117,-2.854107259122184,2.099979783655482,7.517794029710036,-1.8111485668803309,-0.442598962785535,-1.827813753684291,0.3870781073431706,8.350198266816307,8.54124465978229,8.03592806059324,-8.857215482439585,2.07333782269677,6.033939003051746,10.286342761055534,-8.944378394139921,-3.170726755534492,-5.224260977069125,-4.89873724546591,-8.109410434932418,4.983947513766566,0.0,1.0,1.0,0.0,1.0,0.0,1.0,1.0,0.0,0.0,0.0
118,-3.264013223429262,1.3754882731538272,6.6986381472546395,-3.097269750561399,1.7158971553889162,-3.5533319733406623,-1.1028793357522315,9.000087411476422,7.703049213063904,8.306778587765887,-9.490166169531305,3.1482156616964336,8.906246095901217,11.117166750429805,-8.312184622033268,-1.5377981455773553,-5.564278201278238,-3.2739493126943096,-8.411217789208871,3.21975312890969,0.0,1.0,0.0,1.0,1.0,1.0,0.0,0.0,0.0,0.0,0.0
119,-2.803661493502176,-0.1579490909472327,7.967558414539711,-2.3368848104101345,0.5758864869427459,-5.512468523621692,-1.0941874269720873,6.240781169276627,7.243152291458611,9.070567297727795,-8.920511859309515,3.4422378767031643,6.248667323641493,10.055591831313967,-9.552693277182636,-2.334373096301552,-4.671925113729976,-4.59303392158996,-7.216774643100279,2.9089323116228005,0.0,1.0,1.0,1.0,1.0,0.0,0.0,0.0,1.0,0.0,0.0
120,2.7592260646132285,-2.1443317267147126,-1.808865506419913,-8.650911335196867,-8.872857545850348,-4.451185416270885,4.876366667253044,-7.4030972997429485,-2.03232484434698,1.225715503572567,3.843454773379957,-6.469481861029117,-0.3471118545577494,10.212008493581786,8.564800724658074,7.6212375291585115,-7.697037574236858,-2.4043216423903524,10.414481946615565,-4.493024658357565,1.0,1.0,1.0,1.0,0.0,1.0,1.0,1.0,0.0,0.0,0.0
121,-6.778931229588858,-2.9133678691417466,-2.1537537914885982,-9.348320372932415,5.0578293901803555,2.0187729035776583,6.963535710513178,-0.5574033862040162,-2.8889424177816023,3.125878682782633,1.3408596376526076,-8.905512422635221,8.542112522850866,7.617625049414924,-9.072856100374977,2.2849551272161657,0.024334035920705044,-4.3918783400294075,-8.644959853003401,7.487985289226896,2.0,1.0,1.0,1.0,0.0,1.0,1.0,1.0,0.0,0.0,0.0
122,-7.753744657947919,-2.988062137815953,-1.527138053738046,-9.00463943120182,3.4847388476979315,1.0471771386497402,8.154389569932015,1.8525511199660367,-2.4669202454488746,4.952215743818406,-1.048811587873158,-6.977612604785017,8.416970627021376,6.068967192617902,-10.104586474976992,2.662201432289352,0.002203440126425038,-5.765113676759478,-5.85298352823955,5.467877624265885,2.0,1.0,1.0,1.0,1.0,1.0,0.0,1.0,0.0,0.0,0.0
123,7.444961801557326,-8.034969616364982,8.424512476691548,-3.773590652257111,3.8563193011147052,0.2821448267855704,-4.459216337668376,1.175460917898402,4.9416991769177905,-3.0316151687819897,-7.899882543843249,-6.360698432710285,4.2573338197682435,-3.5354842449439756,5.6012527102332115,-0.7328606332561622,-5.7495876055410475,-5.040178807908196,1.6772783517808965,6.120909732554187,3.0,1.0,1.0,1.0,1.0,1.0,0.0,0.0,0.0,0.0,0.0
124,7.812083285981251,-8.025020240276756,7.445961965631094,-3.9380060923845552,3.738381972863553,-1.5896868443843117,-4.040523436084171,0.5894633300908887,4.396285048953612,-3.2931272860010443,-7.9681435939460465,-8.228931819347219,5.305915223139768,-5.65365274217018,7.330222168389547,-3.6133974496510537,-6.634607883079502,-7.830915799544769,4.043325901805106,8.334765168370787,3.0,1.0,1.0,1.0,1.0,1.0,1.0,0.0,0.0,0.0,0.0
125,-7.607932075864088,-4.1387868408314,0.3349142435883081,-7.481864441876364,4.33645024213294,2.6778481045157374,6.731485678072727,0.8620458878167677,-4.658724953233126,2.3571987777782013,1.8374501899814129,-8.085865725687707,8.939261702443936,4.800515556747967,-11.474607897349394,0.9395428702641386,0.7416331900584182,-4.234285901172051,-8.548333290019412,6.000416836444132,2.0,1.0,1.0,1.0,0.0,1.0,1.0,0.0,0.0,1.0,0.0
126,-2.1014525184801283,-1.1463455761211603,6.614046397227063,-2.9827988225442503,-0.6217616831991877,-4.625264455059127,-1.1536792840266508,7.12629022853748,7.094567587530472,7.71573927985534,-8.950496212712022,3.3941530090719567,6.983781372483675,9.402977086722064,-8.489820994005033,-0.705571606164834,-5.543987061415118,-4.699213987149172,-8.245050218182149,4.709923134249463,0.0,1.0,1.0,1.0,1.0,0.0,0.0,1.0,1.0,0.0,0.0
127,-6.89098135324071,-3.3900568882330813,-2.266910027422405,-7.47256745551962,3.7797216867359484,1.8187284561782013,7.279127537913606,1.809169185675798,-3.4071546520883222,5.616722329118654,-0.49865417012294566,-7.511254844150018,9.113576923225132,6.663484689291955,-10.207035813242475,0.4831853582930694,0.09419679054511865,-5.477168692711164,-6.270339055958332,5.695826065670513,2.0,1.0,1.0,0.0,1.0,0.0,0.0,0.0,0.0,0.0,0.0
128,-3.6835654437665823,2.2808968832734635,7.027719422183208,-1.5847591658206281,-1.6964689834353313,-3.32983898469177,-1.130042084921351,7.422823236409633,6.972664259474078,9.97657024915126,-8.551222968767128,4.787506611788388,6.235048308266141,9.09897376580419,-7.324716719062604,-1.7126127542688148,-7.5496316297123265,-2.428699094876043,-7.475949880964886,6.661354705720992,0.0,1.0,0.0,0.0,1.0,1.0,1.0,0.0,0.0,0.0,0.0
129,-2.1961956206800846,1.8667969618585039,7.047849455310561,-3.2582292173999052,0.9954014569894658,-4.932271055406195,-1.9002898022018369,7.192228766095759,8.596221658543495,7.177189594462471,-9.836586392678123,3.0944898157886223,7.256012268227497,11.721883552801888,-8.097468070442511,-1.4902830598655563,-6.844948475776432,-2.3811930096553664,-7.258065229904148,4.220002964920066,0.0,1.0,1.0,1.0,1.0,0.0,0.0,0.0,0.0,0.0,0.0
130,3.0004235773465586,-0.5022785519952915,-2.3976070208677442,-7.441041153702115,-7.240027412540042,-5.7698804276519775,7.604708242295573,-7.526798482808379,-0.48010330215025987,0.8108007275017242,4.773753577754949,-4.980176579592186,2.3845034827673253,9.48984048633432,8.14755657738738,8.705620588258078,-7.652186646245619,-4.164816757311258,9.08776103715691,-5.268782056844704,1.0,1.0,1.0,0.0,0.0,1.0,1.0,0.0,0.0,1.0,0.0
131,2.752773675090311,-1.9746356373704177,-3.3232746656743783,-7.936897611640509,-8.449527570284996,-5.9382357868009095,6.3295534670078855,-5.183670099462716,-2.626097006502952,-1.120774749910809,3.794904435583561,-6.00277262866023,0.8866517374681626,8.778363216994965,7.2307166624135695,6.121720262513172,-7.99876437433519,-2.583638056535114,8.426078555570133,-4.201210260192702,1.0,1.0,1.0,1.0,0.0,1.0,0.0,0.0,1.0,0.0,0.0
132,8.85315347083769,-10.904936078270747,8.506307887674819,-3.466279746673848,3.581776000645017,-2.29161285990907,-5.777742977667718,1.3363387238774898,3.663077137322896,-4.600812805010706,-8.76196194484672,-7.2777683014498615,5.805332007230917,-6.296816565905042,6.439782622341941,-1.9967701694312532,-5.315386808760197,-6.686603982531488,2.5868633816086577,11.069044246963829,3.0,1.0,0.0,0.0,1.0,0.0,0.0,0.0,0.0,0.0,0.0
133,-7.343471291558133,-4.097352613051735,-0.5323013629516757,-7.471987619843178,1.9046715969927142,2.6133286284037,7.767521497562333,0.5850767231945785,-4.044152082708741,3.1736417373156662,0.05262464375525882,-8.071865385160235,8.17295308721726,6.524293491242916,-8.010525106052713,2.188493277335903,-0.1775430557667217,-4.779616264653531,-9.408819907628654,6.309996965014482,2.0,1.0,1.0,1.0,0.0,0.0,1.0,0.0,0.0,1.0,0.0
134,6.61899929877071,-8.918367751968427,7.025958978493849,-4.716259275303419,3.1205772023674063,-2.6538145595095592,-4.934994294742118,0.8144717451299236,2.715447850698154,-2.6391129247941745,-8.351070314164586,-6.980225776852304,3.7478803024837126,-6.320119026475505,4.699543652379116,-3.4087111860507426,-6.35060529272501,-5.4285484647978075,0.893077814294307,7.254261575788515,3.0,1.0,1.0,1.0,1.0,0.0,0.0,0.0,1.0,0.0,0.0
135,8.733286634823006,-6.152419297971832,7.22900509799358,-3.7678461017317195,3.8518215134737126,-1.247287651960391,-5.459521197585232,0.7487061378186335,3.9588244295494333,-5.310275702283614,-6.933253664747438,-7.698251409594466,4.528707649985378,-6.693580167474628,5.332157254428103,-1.3958856002060562,-5.873186314352523,-5.724249168187589,2.128201827602605,7.317457305964196,3.0,1.0,1.0,1.0,0.0,0.0,0.0,1.0,0.0,0.0,0.0
136,-2.209303919229263,-0.43586975762082436,8.985937381135289,-2.934862058602014,0.034730871045650064,-2.6218736071514126,-0.4306011048908419,8.711459087360407,7.122105096595931,6.984620323748307,-7.663614862347483,4.912613092005823,6.713051658378987,8.33769414774579,-7.789734556916576,-4.368287116321407,-6.576151026605373,-4.119901328816819,-7.285380447486859,6.025327634440288,0.0,1.0,1.0,1.0,1.0,1.0,0.0,0.0,0.0,0.0,0.0
137,-7.36427287501537,-1.9878051934249954,0.5611963476116935,-9.006366780367122,4.72929475915347,3.891134806517763,7.335513756524946,3.5972708217461853,-4.690659483517085,2.6712431859857104,0.6100929462688476,-9.011442070127156,8.417470133974254,7.475147125914221,-8.047181027527632,2.982888923568043,0.9957225962113775,-5.129876872288723,-6.777211292058212,5.517647255361986,2.0,1.0,1.0,1.0,1.0,0.0,0.0,1.0,1.0,0.0,0.0
138,4.129443250780447,-1.2162534577740507,-1.139151096543221,-7.412876911545809,-7.860722749108292,-7.16244764569916,5.334986578364221,-6.749302547645266,-0.6756337199747962,-1.0797249272963714,2.8783041136767245,-5.8842043343387065,1.9376343849240218,9.85628207164735,9.002617636297954,6.986673332826541,-6.676982030088345,-2.486639603490248,8.088280787108177,-5.392881487662288,1.0,1.0,1.0,1.0,0.0,0.0,0.0,1.0,0.0,0.0,0.0
139,-1.208918515075702,-0.7456009095865737,7.419999861617869,-2.2855487394453395,0.06321399830955046,-4.335416357389796,0.49681762557332365,7.100376749253864,10.175995471482832,8.823750303544045,-11.963915838932184,4.850369279929507,6.394864629477825,9.7883006070909,-9.808651519364352,-2.5580117042206427,-6.690610684209781,-3.515488462554095,-8.08911558392198,7.139419364933191,0.0,1.0,1.0,0.0,1.0,1.0,1.0,0.0,0.0,0.0,0.0
140,-8.07516536315892,-4.0890051119872695,0.948436525286227,-9.011844787339957,3.184582647306169,2.6394756373075756,7.472960251862315,1.474725393959829,-4.292029595208169,2.054406093296831,-1.0899226309153514,-8.916736130339455,7.563507392834969,5.164073231579291,-9.919081386826306,0.5132018643098889,1.4984487362868346,-6.060184160967174,-7.899507177067477,5.382075609621094,2.0,1.0,1.0,0.0,1.0,0.0,1.0,0.0,0.0,0.0,0.0
141,7.340631993272865,-9.185754921045431,8.725318571860704,-4.089927784187016,3.634494395057598,-2.070623831841922,-7.368596953354146,1.5769787651314764,1.9566912956338216,-3.4414970843858916,-8.0046574591699,-6.8022095891323815,7.754497514363762,-6.680205988027828,4.958112476740518,-5.534495216381698,-6.15745273986378,-7.320044650693223,1.0916275408094323,10.219595419901287,3.0,1.0,1.0,1.0,1.0,1.0,0.0,0.0,0.0,0.0,0.0
142,3.3935520536993513,-2.830600115777292,-3.0609237030667895,-6.938292473152835,-8.26799981130242,-6.721530013517641,5.182122870380745,-6.673337603739539,-1.0469377212265036,0.0014397778223565472,2.501004110700256,-4.856480605730191,2.507663532661881,9.653429699250403,7.98613475904059,7.777122260200062,-8.308154864786992,-2.6163032640863304,8.540463654455213,-3.1418808631745545,1.0,1.0,1.0,1.0,1.0,0.0,1.0,0.0,0.0,0.0,0.0
143,-7.88218343351234,-4.126905291355929,-1.5024989568891491,-9.283896437035093,3.5162302347410153,0.480141609031832,7.925190910144353,1.1608012690639946,-5.651705252884496,3.8693562326185993,-0.9600454859953161,-6.997189397738855,8.637073915421261,4.277125640903888,-8.168963805988541,0.2707734932927214,0.7310966786773108,-5.169669421820846,-7.472663641068625,4.699296509613035,2.0,1.0,1.0,1.0,1.0,1.0,0.0,0.0,0.0,0.0,0.0
144,0.6539246801446126,-1.9588385768342231,-0.6113388711568697,-8.815513379634426,-7.100128869499982,-5.310565310537306,4.428958943262733,-6.6295220999795115,-0.7947341414589922,0.6535367494523097,4.7874887778113475,-3.6749069757008055,0.9310100336765363,8.927710778583975,8.558543274959083,7.648141630392918,-7.292010354701884,-4.62159848423406,8.37620027900209,-2.781688530230525,1.0,1.0,1.0,0.0,0.0,1.0,0.0,1.0,0.0,0.0,0.0
145,-2.5180921937723175,-0.623980030113711,8.197023170362755,-3.026667853906699,1.1189787614349382,-3.0504531006752065,0.02563013691294813,8.827377061527125,7.159239077095048,6.523450139306676,-8.647575868201315,3.064120938468885,7.742275711071725,8.329057773472178,-9.82920674956866,-0.35788174332716527,-6.122802734161108,-2.0235559675145627,-8.055688734720597,4.718829820825329,0.0,1.0,1.0,1.0,1.0,1.0,1.0,1.0,0.0,0.0,0.0
146,-2.29141662872273,0.2789408984253007,6.942726627582974,-2.994923288745591,-0.4455204292433177,-3.2282439968709835,-0.3114208197508864,7.3982510822493985,8.657028267208082,7.82117394332589,-10.950654603509879,4.949982519888637,6.09043998993038,8.953994094843495,-10.817543012101114,-1.9685775256897933,-6.6995141132358915,-4.394824918762219,-6.234357756210073,6.3517408284416526,0.0,1.0,1.0,1.0,1.0,1.0,1.0,1.0,0.0,0.0,0.0
147,3.9862948719593105,-2.8096881996690968,-2.532531204684699,-8.845327747730332,-8.26297623422057,-5.231963737418397,5.994215718078977,-4.294435218128786,-1.937347003120074,-1.002811178573317,3.633084449412065,-5.502389506961296,1.9933695636776168,10.173391305200955,7.894801908899174,7.8259276810300555,-8.213723184149952,-1.621875474249361,9.67812712141048,-5.255962901003249,1.0,1.0,1.0,1.0,0.0,1.0,0.0,0.0,0.0,0.0,0.0
148,-5.726725539384123,-4.745661013083551,-1.7901739966344468,-8.296163734265182,5.262207420618803,2.52524730597071,7.6399663592519635,0.9453130071380637,-4.476599522508077,3.9241059862079735,-0.20335701087241254,-7.0669471723208295,6.348871066482719,6.448741536540136,-7.630841870756262,-0.5554430128909638,1.1290023005496883,-2.6694019730141227,-7.5839597365826075,4.475008614459169,2.0,1.0,1.0,0.0,0.0,1.0,1.0,0.0,1.0,0.0,0.0
149,-8.18825185549798,-3.083107631987651,-0.04349410525273001,-8.15623979698841,2.603758908857298,3.531420521923589,7.741725926296384,-0.7784406378645004,-4.989955613700471,3.1207874611605892,-0.6395964015232782,-7.752263226420336,9.81009450163527,6.358107131426813,-9.640215527735554,1.36435629187068,0.5097386980187028,-5.246241515167258,-7.3987085177319205,7.065462794342618,2.0,1.0,1.0,1.0,0.0,0.0,1.0,0.0,1.0,0.0,0.0
150,9.438185659263256,-10.009429810208143,7.585556305910726,-4.061547742767504,4.835193896695148,-1.5372538787213688,-6.500361853773121,1.2438877066137406,5.957152675031926,-3.581747494972571,-8.024270582352425,-9.538967937912478,6.40100875457871,-8.612941566100467,6.046875360198823,-2.9757704465495305,-7.190265581849151,-6.282845281938878,2.097872932141562,7.8598590180127905,3.0,1.0,1.0,1.0,1.0,0.0,1.0,0.0,1.0,0.0,0.0
151,-2.0969220428867623,1.4136722574360927,9.382988123321589,-2.5895725662398887,-0.39480429856836885,-3.0904400222828805,-0.4071945909345669,6.116901943994337,8.180929958165844,6.804693298282616,-9.085031459529766,5.130052260736143,8.802250274432659,9.413420346173865,-10.277526843767665,-1.2986445489693386,-6.834309900825666,-3.6252823246314794,-7.423700141182362,5.321978059029866,0.0,1.0,1.0,1.0,0.0,1.0,1.0,0.0,0.0,0.0,0.0
152,5.220314421591776,-2.88579553428876,-2.3095433092807567,-7.553949558396024,-8.43328022444517,-6.72715115132154,5.298209518936152,-5.422871113341547,-2.545525393401771,1.0070349241085932,5.289289944043487,-3.839822631626674,2.0399854533200834,9.29398331498789,7.662006250016606,7.007665994441768,-9.878711124101454,-3.1038965586174565,9.780279695481282,-3.3677532384287865,1.0,1.0,1.0,0.0,1.0,1.0,1.0,0.0,0.0,1.0,0.0
153,-6.949945701437966,-2.6954468535725358,0.8362141640865266,-7.76861219518029,2.9652002837116553,2.624214225662009,7.431791813145778,1.3848495729907602,-5.35787122706161,4.257642662256702,0.18615583042891792,-8.105232757315845,8.163790719978063,3.9038655058136404,-8.415510720075055,-0.4725169802559963,-0.30069584733014076,-4.181759396240345,-10.993038964988175,6.633604968144025,2.0,1.0,1.0,1.0,0.0,0.0,0.0,0.0,0.0,0.0,0.0
154,-0.8228254288834986,-0.16441593054450565,8.862577834175827,-2.7866548062572254,-1.0359858772807011,-3.402666625207028,-1.8454222631729014,8.833737705210677,8.03649542152726,8.07527626620959,-9.13949140515706,2.7495437205552307,5.913135266343792,8.488495448451674,-9.170104252522483,-1.2934659840028297,-6.466406049324857,-4.555130644746251,-7.170194011265517,4.258234217786491,0.0,1.0,1.0,0.0,1.0,1.0,0.0,0.0,0.0,0.0,0.0
155,-1.8126469405645391,-0.44564041924068687,7.870040680206965,-3.1006366404962344,0.20213167832713425,-3.8863028950701755,-1.4573807582894176,4.737533973045223,8.990810361951432,8.644883208068958,-8.982524370196488,3.983399302137299,7.939105943392282,9.437634333538716,-8.670285925362142,-1.5818833736879785,-5.793558044723692,-3.9620124333649573,-8.402376231821364,5.485004303603434,0.0,1.0,1.0,1.0,1.0,0.0,1.0,1.0,0.0,0.0,0.0
156,-2.2500683772313006,-0.6685310264148282,6.939229119591603,-1.8495377187180229,-1.4537487668484075,-3.283622989906172,-0.638196245333313,6.119922881090601,7.943338070505767,8.585398622385098,-8.720113519230544,3.0975884585842923,8.374447374678011,8.649055937306414,-7.509736441157184,-1.9187015371984406,-5.6812976689419665,-4.146862925384607,-7.788905334642969,4.148588167687639,0.0,1.0,1.0,1.0,1.0,0.0,1.0,0.0,0.0,0.0,0.0
157,-1.0266150432646477,0.5030644333296908,8.993256773861994,-2.9933867346520002,-0.7064068861621032,-3.128970759223387,-0.2944947494446386,5.750656935378161,7.511879325031207,7.98300630934719,-9.309117079700309,4.741282516286546,7.30635663679419,9.633462556742375,-7.694864320351032,-2.0984774276692653,-6.862430007515917,-3.782950378009836,-8.509701474444796,3.992232289963872,0.0,1.0,1.0,1.0,0.0,1.0,0.0,0.0,0.0,0.0,0.0
158,7.965079282224495,-10.721654186867996,7.759981412117599,-4.140067280812917,3.401193748965736,-1.3947649652037297,-3.9455446154648333,0.43219151787717036,3.130417440154221,-3.646012116739691,-7.950787453203452,-6.749589274394665,5.709094303851212,-8.18814315534927,7.89010426224629,-3.013181129025143,-6.245666424849807,-5.954546941426781,0.386205725843648,8.20992444756988,3.0,1.0,1.0,0.0,1.0,0.0,0.0,0.0,0.0,0.0,0.0
159,3.172123905454395,-2.4606063132914575,-2.197746641094799,-8.996053621640996,-8.338586466597539,-6.867121739946524,7.844026072137449,-6.638623970886916,-1.8436234236601816,0.26463241990698594,3.814665550057933,-5.5076241589880555,1.3581474203431372,8.728452248112324,8.943329241332124,8.027269879899123,-7.80298430771694,-2.3164537013464317,8.114026483322075,-3.9016139023505314,1.0,1.0,1.0,1.0,0.0,1.0,0.0,0.0,1.0,0.0,0.0
160,-3.2419734018274347,-0.30818953739534954,8.192411847457064,-2.3945349173005868,-0.25961476409870127,-4.987880915455002,-1.5475738443279483,7.726510533762809,6.267535040889287,8.352595781078998,-10.29104221468828,3.3038489577207595,8.613388580920859,7.753602758286556,-7.955010877970595,-1.6148234093064158,-7.871090164465124,-3.834662450762801,-7.200007258026053,3.8600467038035884,0.0,1.0,1.0,1.0,0.0,0.0,1.0,0.0,0.0,0.0,0.0
161,7.621951871879087,-10.308771166404957,7.885688556609631,-3.107741519535092,2.921491745729664,-3.0741832733691328,-3.712232984945074,1.0906261852366803,3.760782601357431,-3.2932544406590054,-6.925342022955948,-7.4156690431789025,5.583693198524547,-4.852857032019618,5.99603677573107,-3.1040386193652543,-7.402582379160063,-6.937879171555034,3.6096214487742126,9.263235989629283,3.0,1.0,1.0,1.0,0.0,0.0,0.0,0.0,0.0,0.0,0.0
162,3.8125447588650574,-4.164045905003071,0.2948272311890894,-9.920268713928294,-7.1852552094122775,-7.768732475219387,8.236868782255108,-7.187446491857482,-3.684077704011713,-1.2682772825086246,5.5236655950257365,-6.346893062192594,1.8930295539760373,10.041584313026373,7.271069477329782,8.29423885794032,-5.270620569149641,-1.5896789972489827,9.621436511139244,-4.21479748743752,1.0,1.0,1.0,1.0,1.0,0.0,0.0,0.0,0.0,0.0,0.0
163,-0.6241072060159814,-0.22896332001125425,7.343114773557185,-3.5323655254166795,0.2774104442545387,-5.313757717426279,-0.5364081762211238,6.019484208381046,7.432637174300684,6.928554000314413,-8.836552179947818,3.198331201478985,8.17957237065368,10.50425652620436,-9.553405884820457,-3.1860148144516387,-5.381121044786671,-3.253536720383743,-8.642054619794658,5.029129505395456,0.0,1.0,1.0,1.0,1.0,0.0,0.0,1.0,0.0,0.0,0.0
164,-8.559271271919773,-4.083711584158543,1.5817410590631784,-8.38587591500269,4.774310976205245,1.7183153258216157,8.675446208642253,1.9271127167709383,-3.0442908967107476,3.189828508236155,-0.2685785443315,-7.756676389107718,7.462961071164389,7.438522611811461,-9.328007575652693,1.3136463198266448,0.17405102110871123,-3.579576126012479,-5.362616191584389,7.560493267410696,2.0,1.0,1.0,1.0,1.0,1.0,1.0,0.0,0.0,0.0,0.0
165,9.988631913877374,-7.39885396008324,6.390301289495945,-3.9238180922858366,5.478675038387128,-2.10269485200848,-6.743276935092151,0.30348614277811303,3.4077642624619258,-3.8873108113137107,-9.051061724891252,-7.121515407387231,4.991387231403761,-4.851057774329779,5.125508135891652,-2.7389400385598335,-4.971359324117725,-8.291534067931327,2.2510499897176337,10.525221912917608,3.0,1.0,0.0,1.0,1.0,1.0,1.0,0.0,0.0,0.0,0.0
166,7.096228816806866,-9.177387906830262,8.251937350676307,-5.479074425365456,5.7861781937714865,-0.13238590281216034,-5.991995113044768,0.6279614763331098,2.8083682538035006,-5.329131508372907,-8.07458639131723,-6.482889659671817,5.702664426181093,-5.008837041357992,5.0187807851456885,-3.2442493855738856,-5.963801904255136,-6.223067936732221,2.420777153350761,7.8929590592598355,3.0,1.0,0.0,1.0,1.0,0.0,0.0,0.0,0.0,0.0,0.0
167,-0.6403506810466228,1.5049537496438488,7.869508231620552,-3.0385242072823475,-1.8382370310875495,-3.2503488420645246,-1.1445291646332012,8.52217306416436,9.171765196738702,8.564573466841622,-8.385486421298896,2.6033517416707284,6.93425832205673,8.942021408858814,-8.07132615412085,-3.8990191878590226,-4.407444597577853,-4.196310787779348,-5.375856549792566,5.2864569083631245,0.0,1.0,1.0,1.0,1.0,1.0,0.0,0.0,0.0,0.0,0.0
168,-2.6076333673921495,0.5291617337651174,6.222476970477665,-2.931104303360911,1.4407239431637338,-4.014313965650823,-0.5183992757013846,9.634222409307252,7.713599680306019,9.208790446611552,-8.740013381694906,4.419406817382274,6.527443952587232,9.92199282180479,-8.056829885381896,-2.1353740478524514,-6.658601522436746,-5.474306185970588,-6.302455486830364,4.982893700769175,0.0,1.0,1.0,1.0,1.0,1.0,1.0,1.0,0.0,0.0,0.0
169,7.628007580529242,-9.57827634596367,6.782767706219956,-3.3413880743761615,3.122145032272652,-1.6951770967375772,-4.044613995267122,1.793599747852718,5.131384083826753,-3.699288770473788,-8.157210647618195,-8.174194925806988,5.558187865640187,-6.227980407108563,6.335846344717949,-2.470218380499988,-4.228093044800296,-6.78873421514689,3.4163414600678874,7.9561738281766505,3.0,1.0,1.0,1.0,0.0,1.0,1.0,0.0,1.0,0.0,0.0
170,-7.331625848057981,-3.3237155556239144,-1.2694587829402955,-8.732677533630625,5.121350118042382,-0.12343054749108706,9.238574149147645,2.2034706850302754,-4.256083608104105,4.2747565917970896,0.9326862103932884,-9.055666710983502,10.64627226297695,6.128529546593733,-9.181769341635569,2.4983676798012473,-0.7631317444724117,-5.904884533349191,-8.355782023673191,5.875485702090773,2.0,1.0,1.0,1.0,1.0,0.0,1.0,0.0,1.0,0.0,0.0
171,-6.503280707808174,-2.89732246917978,-0.2921194659600962,-7.89364720916503,3.5353521782920474,0.9878840478386268,7.3779026922623165,1.1280337002556269,-4.991670772265062,2.688936819890678,-1.2824383075997186,-7.848390053676951,8.8932614495928,6.131025010669221,-10.14561996301316,0.5454476907657184,1.322441623536013,-4.451226212748389,-6.931889807391614,5.398817042177597,2.0,1.0,1.0,0.0,1.0,0.0,1.0,0.0,0.0,0.0,0.0
172,8.176772595358205,-9.206312032267205,7.827819489372589,-4.295789043870288,4.087799796750591,-3.393209055659585,-3.132201962783341,1.3554909632447094,6.751037324789499,-2.202133387294512,-8.205513513404785,-9.217764400551383,5.12314567147945,-6.695994246527987,7.589472808236872,-3.275031542898174,-7.377222945282483,-8.766891362319692,3.191001665237197,8.721288428779749,3.0,1.0,1.0,1.0,1.0,1.0,0.0,0.0,0.0,1.0,0.0
173,-6.872657075018558,-5.727804484919307,-1.5165793922856485,-8.781889116003198,1.8922235540899377,1.3811054582776703,7.8369850864173864,-0.5335586495077418,-6.147150059372654,3.6252740412922035,1.676433005796018,-8.780525271784096,10.016231744189968,6.753980217445654,-9.047571596967748,1.1537044288219076,0.6971138229044597,-4.609615777473385,-8.353997552026156,5.3945053262686065,2.0,1.0,1.0,1.0,0.0,1.0,0.0,0.0,0.0,0.0,0.0
174,-2.3345952729901156,-0.8151726414530628,8.238249364913402,-0.7944202782940404,-1.0164332888793939,-1.0916309038363319,-0.4495990216895377,7.559840107026686,7.194877087044711,8.02161997262659,-9.064364649350305,4.062047825721172,7.187021611780713,8.870706679060289,-10.056454435582769,-3.268322210942582,-5.358048107965485,-3.7585207357613055,-7.151458280012297,5.150989064689284,0.0,1.0,1.0,0.0,0.0,1.0,0.0,0.0,0.0,0.0,0.0
175,3.465417373612288,-0.7465898483024702,-1.717133859469407,-9.442132713858783,-7.6898995548284095,-5.172867846044401,8.130495077448607,-6.039313072113998,-1.7145766717270314,-0.35024519308731294,4.238708849401396,-4.75669878643177,2.405610429415511,9.337921167393766,7.371147244628732,6.670389477325193,-9.729197920312973,-3.380943212303136,6.927367553755677,-5.121081956072449,1.0,1.0,1.0,1.0,1.0,1.0,0.0,0.0,0.0,0.0,0.0
176,-6.343453284107653,-3.4619875147890546,0.3264304908510355,-7.939834915487413,4.751693575553567,1.6142479468129616,8.277623546491869,2.227365676783477,-4.581730913716281,2.944656432821796,-1.5983379717823798,-9.019533713471667,7.244588426790299,4.248477620539269,-10.439007789445203,1.5137037575507608,0.29382193243771815,-4.488736169491354,-7.857456617889179,5.984675571114668,2.0,1.0,1.0,1.0,1.0,0.0,1.0,1.0,0.0,0.0,0.0
177,7.6647617985998755,-7.893875569168975,7.8663808840194305,-3.576614004789709,3.3126332268411787,-2.1290519441422995,-5.028489224155213,-1.1348649563206057,4.499562043280234,-5.106499387037939,-8.898771721339898,-5.899266741193856,3.2428445168584337,-5.697927139410284,5.233792903534733,-2.4032428524641944,-5.420424561461435,-6.5096852526797715,2.379098009864239,7.961477654366362,3.0,1.0,1.0,1.0,0.0,1.0,0.0,0.0,0.0,0.0,0.0
178,-6.821966126929996,-3.438675213383346,0.4165236510855119,-7.746235503985316,4.790854903858508,1.8520783552425761,7.33934929966135,0.8899387362457865,-3.3722879962168957,2.600740500000802,1.7218628109845973,-6.980462107464076,9.03541597229482,5.2343460751101825,-9.331910407652478,0.28899396775976804,0.6225741314524276,-6.307428303821236,-7.589613066373373,5.841828750680538,2.0,1.0,1.0,1.0,1.0,1.0,0.0,0.0,0.0,0.0,0.0
179,3.770295558092008,-1.8552431714687696,-1.5713339187640147,-9.41369457536024,-8.982187975823631,-5.790044227565484,6.590694463122158,-5.1044140667799995,-0.07824870511890047,-1.5236042862529569,2.993174443292075,-5.330988026727757,-0.3937995013681297,9.484476255407712,7.968683539926884,6.164310383054026,-7.656174703711588,-1.8685032174902794,8.63258022882919,-3.6313490962908066,1.0,1.0,1.0,0.0,1.0,0.0,0.0,0.0,0.0,0.0,0.0
180,2.48018263522157,-0.7029775434690795,-1.9336966837908276,-7.881774178786835,-9.386937085240781,-6.184952376538984,7.503887854253502,-6.3346987036342535,-1.5936358576254523,-0.533935233925834,4.479993526034139,-4.708112874432361,0.3792842872250084,8.08461369236271,4.594962666258459,7.625052201754372,-8.51546760614219,-3.134257234255286,9.642832630140706,-4.02945015796687,1.0,1.0,1.0,1.0,0.0,0.0,1.0,0.0,0.0,0.0,0.0
181,2.149556329139614,-1.3358708692091885,-1.0103176873412933,-8.75544337847309,-6.122600567752441,-5.810751623712641,4.483323804903607,-8.136322774096325,-3.307367235794893,-2.335132811277823,0.19903661646901938,-7.246209577209715,3.1898033152468344,9.026957155597952,9.347292087296054,7.5040154267132015,-9.000440617117427,-2.0562825722244895,8.697600925761826,-4.7629980416866635,1.0,1.0,1.0,1.0,1.0,1.0,1.0,1.0,0.0,0.0,0.0
182,7.413378911994399,-10.16722408179166,7.064615091976315,-3.5967424485857182,5.033689997275317,-0.9585342989244396,-3.7910445843247085,1.6211150267728973,6.686828564808258,-4.386516194013737,-7.158783223579052,-8.698877582569288,5.535957398364195,-6.814399219956699,6.288575541910804,-3.44943602530881,-6.370898361004348,-7.776814458105658,2.0756369110086093,6.663023380501391,3.0,1.0,1.0,1.0,1.0,0.0,0.0,0.0,0.0,0.0,0.0
183,-9.456306501634238,-2.353021726697402,-0.9670178953021221,-9.83860207291125,3.085063916203605,2.4842203396241107,8.577960451926845,1.0160086348022013,-4.8335563423179435,4.922624575403094,0.20050386340257878,-9.014620092823206,7.879398880777813,4.91630601280441,-10.432288857796625,3.6153709313823508,-1.0296863701206809,-4.7471495868489,-8.252236633721152,3.817756874997283,2.0,1.0,1.0,1.0,1.0,0.0,0.0,0.0,0.0,0.0,0.0
184,-6.194454679266722,-4.172226195349953,-0.27805037052287007,-9.428155404581917,4.141155636155529,2.7498989441248,6.201650888817684,1.0730452896408176,-5.16408216462213,3.339653022417161,0.7517445890873493,-7.923292457419526,8.775263085170776,7.21398806626097,-9.602640650831487,0.9794403625825994,0.5366197885961385,-6.238714910126356,-10.751033550556071,4.405061224430756,2.0,1.0,1.0,1.0,1.0,0.0,1.0,1.0,0.0,0.0,0.0
185,4.915704729759794,-1.5261674644154548,-0.1173720342623974,-9.864799818863107,-8.286354054910428,-6.628281204055938,5.927486409140658,-6.8972643005062535,-1.4986557392164293,-1.1817780044126402,1.98594071896188,-4.481099400412411,1.2652822526806664,9.527253654073975,8.766087973138397,7.752531169641864,-7.442309578141332,-3.2310671906540636,7.817789825599559,-6.016724693916997,1.0,1.0,1.0,1.0,1.0,1.0,1.0,0.0,0.0,0.0,0.0
186,2.637504049565442,-4.564612746787862,0.0018749831809816708,-9.11597646609138,-7.611396039575176,-3.990717555180445,6.124509490026082,-8.935533508136995,-1.6777613051136815,-1.6406665705563113,4.413684403543936,-4.3726438694637055,0.5360293225688886,11.547733706899628,8.833558571180104,9.100596216205819,-9.283218038428178,-0.6967379464129575,8.51440262727859,-5.313086885857576,1.0,1.0,0.0,1.0,0.0,0.0,1.0,1.0,0.0,0.0,0.0
187,-6.308166250141609,-1.638301001150485,-2.3013647313953376,-8.779747603652604,4.504177840785568,2.1905985725393298,7.45228187172085,1.3392539469541371,-3.7024981287432817,2.656189585004973,1.6104552679692143,-6.51692484048933,8.332412392783311,5.184399424362147,-8.026448906728987,0.26009213068864634,-0.016183937043525054,-6.26675094041036,-7.252574335477996,6.891681350699734,2.0,1.0,1.0,1.0,1.0,1.0,0.0,0.0,0.0,0.0,0.0
188,7.934657310024111,-10.088348928619013,8.694433082989773,-5.327011461205111,3.8378876570465374,-1.0745412774700795,-6.1018299414472645,2.425913652784505,4.113299881838877,-1.8539287047106956,-8.46586897825279,-8.15070796184733,3.4819591307405577,-6.737801832467386,4.812619482275015,-2.9099897607178042,-6.561231454954331,-8.014758507267691,0.4937848193208356,9.627776110110004,3.0,1.0,1.0,1.0,0.0,1.0,0.0,1.0,0.0,0.0,0.0
189,8.504997440091921,-9.649033067704,8.226958140902294,-2.214543499628711,6.2857644868471345,-0.9518671966246188,-6.40557780672052,1.9066557029195483,4.487406975556638,-3.2359471447126853,-8.994953682129724,-6.8366134247591175,5.080764450365734,-5.317628907496334,8.211346883275722,-1.1123807048009502,-3.930390059061906,-7.429877053851142,2.124352582061,6.9116620101072135,3.0,1.0,1.0,1.0,1.0,0.0,0.0,1.0,1.0,0.0,0.0
190,3.5021690198859026,-2.0026815134942453,-2.4382090766417974,-8.388404535549514,-8.823758379050744,-5.705696486073131,9.007219515577361,-7.375552740725874,-0.9569269689134918,-1.2807973482007862,4.626219317858782,-7.078478974135087,2.3319022644738743,10.91176870725535,7.254986069710825,7.648945765941004,-6.920192107579592,-1.2858673968945689,8.42265591779112,-4.425160877584175,1.0,1.0,1.0,1.0,1.0,0.0,0.0,1.0,0.0,0.0,0.0
191,-7.178439977810893,-4.3918317622338074,0.04502502879814885,-6.89676762477283,3.544397426918373,1.8447611205931622,8.040317286733131,1.9351340560136132,-6.2259747018721825,2.5969343107665233,-0.19085323569813567,-7.762512401738514,7.418772581844733,4.376612057088482,-11.15007937266076,0.717660237024448,1.2081878308547123,-4.835396153301576,-7.441068686533344,3.8592968683070987,2.0,1.0,1.0,1.0,1.0,1.0,1.0,1.0,0.0,0.0,0.0
192,8.475294625039757,-10.308113273349239,5.926105382980971,-4.258011486138288,2.7382512492372832,-2.5193924485380093,-5.264171013036369,1.2048084587339327,3.657666684728412,-4.369994091531469,-8.321870243469798,-7.964060031292856,5.81326695224219,-5.673826088264086,6.078287878664855,-4.34907148813795,-5.212947173820295,-8.372472495185612,0.9486893219186185,8.830782780246373,3.0,1.0,1.0,1.0,1.0,0.0,1.0,0.0,0.0,0.0,0.0
193,2.616366144431733,-1.9436798740013554,0.11511690090999172,-7.183760865796062,-7.243060631950977,-6.512656724311126,6.0179816896593765,-6.790049109403721,-2.242833846656916,-2.6690317726450195,2.075774519068238,-4.74657887862889,0.1436798808363442,11.49718098399709,6.986499768025008,8.012752707466012,-7.343819453197237,-3.8885498514053087,7.979725661822733,-3.8333523804971055,1.0,1.0,1.0,1.0,1.0,0.0,0.0,1.0,0.0,0.0,0.0
194,-3.457498770759726,-2.9744930601468704,1.1059394674094447,-7.064207894070581,4.146122055267161,2.697227124545897,7.393996233596446,1.7441745506826007,-5.807400387162165,3.936242559965145,1.4366973909649017,-6.668202205229923,8.185346531045289,5.169876920625775,-9.636436226816562,1.775264306048143,-0.9785502102007486,-5.431951680896006,-7.436859466248271,3.011146584950416,2.0,1.0,1.0,1.0,1.0,1.0,0.0,0.0,0.0,0.0,0.0
195,-4.758547887825607,-2.422270524379953,-1.8212680373720753,-9.18390104666324,3.7586031570489506,2.350545616550641,7.693372088532846,2.695791958783735,-3.474840297993082,3.5626148984803976,-0.11107465050699958,-6.758618372166558,8.859423442377942,5.733568364913997,-8.568190916875011,1.1157366766473922,1.1656582731823484,-4.09803596051096,-8.803903131683727,7.53727800386689,2.0,1.0,1.0,0.0,1.0,1.0,1.0,1.0,0.0,0.0,0.0
196,2.5696519853379884,-2.2738687587989954,-1.1421542386521333,-8.006332298817465,-7.1260346373111165,-6.63503999992284,6.527869247031995,-7.1851543662608135,-2.3237559425122316,-1.4708800566202487,4.932752118905859,-5.13462338172432,1.0791417095995421,11.345147425552671,7.944961994194558,6.781845303590828,-8.100117505111381,-3.3277512592473277,7.685060810578713,-5.255666308081551,1.0,1.0,1.0,1.0,1.0,1.0,1.0,1.0,0.0,0.0,0.0
197,7.544672637397423,-8.289835232598083,7.71654154232049,-3.7487848985705123,2.351950131125661,-2.2549895726257954,-5.502529194490803,0.8991632174566475,4.018794105714249,-4.007314512803796,-8.796332489290034,-6.007956602428264,4.845826771695353,-4.37146538824085,5.807547512438986,-2.243956277425957,-7.000356907007989,-7.889064703220713,4.217140678918053,8.12401176196825,3.0,1.0,1.0,1.0,1.0,0.0,0.0,0.0,0.0,0.0,0.0
198,-7.022575827065385,-2.2396397309524145,-0.045499925455556034,-8.615060923922588,4.060793257950592,2.6847597481724015,8.000051470449684,-0.4377234771482048,-3.0916876677147984,2.869384198156147,0.13048797123293165,-7.741498447294003,9.485662734528416,6.510896487369631,-8.559239113856165,0.29987708079191855,1.0543813114014688,-2.918670082419326,-8.04265242738138,5.920450524719477,2.0,1.0,1.0,1.0,1.0,0.0,1.0,0.0,1.0,0.0,0.0
199,-4.185073043376486,0.29305332605821954,7.82072432329165,-2.817536238298577,0.3392621471441884,-4.989060457256987,-0.6100202046458658,8.187276765134701,7.24857365818086,9.064877228371245,-7.743292217590431,3.869017510981247,6.659618415940096,9.61599270645218,-9.561877407037594,-2.8236563018268326,-5.698615744372493,-3.7453514251335944,-8.327217183553188,5.867059307860808,0.0,1.0,1.0,1.0,1.0,0.0,1.0,0.0,0.0,0.0,0.0
